,id,title,performer,release_date,url,img_url,preview_url
0,4494651,GrandPervs 1,"Rita Daniels,","Oct 26, 2022",https://www.brazzers.com/video/4494651/grand-pervs-1,https://media-public-ht.project1content.com/m=eyzaevFb/2b0/a6e/1bb/094/471/9b1/343/9e7/ea0/378/7f/poster/poster_01.jpg,https://prog-public-ht.project1content.com/2b0/a6e/1bb/094/471/9b1/343/9e7/ea0/378/7f/mediabook/mediabook_320p.mp4
1,8226721,"Hot and Oiled Up, Ready to Fuck","Skylar Snow,","Oct 26, 2022",https://www.brazzers.com/video/8226721/hot-and-oiled-up-ready-to-fuck,https://media-public-ht.project1content.com/m=eyzaevFb/65b/309/578/62b/4ca/e82/268/0e4/b0e/0c2/9f/poster/poster_01.jpg,https://prog-public-ht.project1content.com/65b/309/578/62b/4ca/e82/268/0e4/b0e/0c2/9f/mediabook/mediabook_320p.mp4
2,8226501,Pussy Locked And Dick Loaded,"Valentina Nappi,","Oct 25, 2022",https://www.brazzers.com/video/8226501/pussy-locked-and-dick-loaded,https://media-public-ht.project1content.com/m=eyzaevFb/57a/9b6/3de/944/435/db2/27d/442/5c9/09a/89/poster/poster_01.jpg,https://prog-public-ht.project1content.com/57a/9b6/3de/944/435/db2/27d/442/5c9/09a/89/mediabook/mediabook_320p.mp4
3,8230341,Fanfriction: Part 2,"Angela White,","Oct 25, 2022",https://www.brazzers.com/video/8230341/fanfriction-part-2,https://media-public-ht.project1content.com/m=eyzaevFb/892/dd3/f03/13c/4e6/3af/db3/346/ff8/6c7/6c/poster/poster_01.jpg,https://prog-public-ht.project1content.com/892/dd3/f03/13c/4e6/3af/db3/346/ff8/6c7/6c/mediabook/mediabook_320p.mp4
4,8225521,Follow Me For A Fuck,"Alexis Fawx,","Oct 24, 2022",https://www.brazzers.com/video/8225521/follow-me-for-a-fuck,https://media-public-ht.project1content.com/m=eyzaevFb/67a/d44/f11/8b9/437/ca4/9d9/a78/d19/2ca/2f/poster/poster_01.jpg,https://prog-public-ht.project1content.com/67a/d44/f11/8b9/437/ca4/9d9/a78/d19/2ca/2f/mediabook/mediabook_320p.mp4
5,8230201,My Bro’s Ho Gots Nice Toes,"Kenna James,","Oct 24, 2022",https://www.brazzers.com/video/8230201/my-bros-ho-gots-nice-toes,https://media-public-ht.project1content.com/m=eyzaevFb/3d3/db3/b5b/722/440/895/ea0/007/592/a8f/5a/poster/poster_01.jpg,https://prog-public-ht.project1content.com/3d3/db3/b5b/722/440/895/ea0/007/592/a8f/5a/mediabook/mediabook_320p.mp4
6,8221261,"Hot MILF, Party Crasher","Charli Phoenix,","Oct 23, 2022",https://www.brazzers.com/video/8221261/hot-milf-party-crasher,https://media-public-ht.project1content.com/m=eyzaevFb/90e/096/f14/e10/4de/299/a23/137/c80/485/4f/poster/poster_01.jpg,https://prog-public-ht.project1content.com/90e/096/f14/e10/4de/299/a23/137/c80/485/4f/mediabook/mediabook_320p.mp4
7,8226791,Fucking Her Office Rival,"Zara DuRose,","Oct 22, 2022",https://www.brazzers.com/video/8226791/fucking-her-office-rival,https://media-public-ht.project1content.com/m=eyzaevFb/d29/edd/5a3/aa4/4ee/58b/110/fdc/1fa/977/d1/poster/poster_01.jpg,https://prog-public-ht.project1content.com/d29/edd/5a3/aa4/4ee/58b/110/fdc/1fa/977/d1/mediabook/mediabook_320p.mp4
8,8216611,Freeuse Yoga And Shower Fuck,"Cherie Deville,","Oct 21, 2022",https://www.brazzers.com/video/8216611/freeuse-yoga-and-shower-fuck,https://media-public-ht.project1content.com/m=eyzaevFb/442/8fc/a3b/ad9/475/ab7/b51/ef4/289/7ab/b2/poster/poster_01.jpg,
9,8218491,Jennifer Gets Wet,"Jennifer White,","Oct 21, 2022",https://www.brazzers.com/video/8218491/jennifer-gets-wet,https://media-public-ht.project1content.com/m=eyzaevFb/d5c/604/c2f/2b6/40c/6a4/cc7/929/ade/8cc/e3/poster/poster_01.jpg,
10,8216981,Sneaking Around With The Sister-In-Law,"Lyric Sky, Mick Blue","Oct 20, 2022",https://www.brazzers.com/video/8216981/sneaking-around-with-the-sister-in-law,https://media-public-ht.project1content.com/m=eyzaevFb/e1a/17b/2db/310/44e/eb6/118/5e1/33f/84a/36/poster/poster_01.jpg,
11,8216431,Sugar Daddy vs Boyfriend,"Kay Lovely, Keiran Lee","Oct 20, 2022",https://www.brazzers.com/video/8216431/sugar-daddy-vs-boyfriend,https://media-public-ht.project1content.com/m=eyzaevFb/8ae/8ea/2e8/ef0/4ea/2a0/15f/4b8/f31/729/9b/poster/poster_01.jpg,
12,8216491,Fucking In The Sun,"Elsie, Air Thugger","Oct 19, 2022",https://www.brazzers.com/video/8216491/fucking-in-the-sun,https://media-public-ht.project1content.com/m=eyzaevFb/099/6c1/f1d/5a5/409/1be/bc8/186/c54/c4c/3c/poster/poster_01.jpg,https://prog-public-ht.project1content.com/099/6c1/f1d/5a5/409/1be/bc8/186/c54/c4c/3c/mediabook/mediabook_320p.mp4
13,8218511,Lick My Stepmom,"Ryan Keely,","Oct 19, 2022",https://www.brazzers.com/video/8218511/lick-my-stepmom,https://media-public-ht.project1content.com/m=eyzaevFb/d9b/391/df1/bfd/4ce/1a3/8c0/ab3/ce7/429/06/poster/poster_01.jpg,https://prog-public-ht.project1content.com/d9b/391/df1/bfd/4ce/1a3/8c0/ab3/ce7/429/06/mediabook/mediabook_320p.mp4
14,8217011,Fanfriction: Part 1,"Angela White,","Oct 18, 2022",https://www.brazzers.com/video/8217011/fanfriction-part-1,https://media-public-ht.project1content.com/m=eyzaevFb/b1d/03a/8bc/2eb/4ff/084/ad2/5fc/ebc/19c/c2/poster/poster_01.jpg,https://prog-public-ht.project1content.com/b1d/03a/8bc/2eb/4ff/084/ad2/5fc/ebc/19c/c2/mediabook/mediabook_320p.mp4
15,8216471,Scissoring The Sweaty Slut,"Aubrey Black,","Oct 18, 2022",https://www.brazzers.com/video/8216471/scissoring-the-sweaty-slut,https://media-public-ht.project1content.com/m=eyzaevFb/7e5/00b/4b5/fc9/408/49b/8b3/5a3/de9/849/fe/poster/poster_01.jpg,https://prog-public-ht.project1content.com/7e5/00b/4b5/fc9/408/49b/8b3/5a3/de9/849/fe/mediabook/mediabook_320p.mp4
16,8119811,Working Girls,"Chloe Surreal,","Oct 17, 2022",https://www.brazzers.com/video/8119811/working-girls,https://media-public-ht.project1content.com/m=eyzaevFb/b46/754/d75/025/46c/db3/101/cce/1a0/9fb/98/poster/poster_01.jpg,https://prog-public-ht.project1content.com/b46/754/d75/025/46c/db3/101/cce/1a0/9fb/98/mediabook/mediabook_320p.mp4
17,8116631,Impress The Boss,"Jamie Michelle,","Oct 17, 2022",https://www.brazzers.com/video/8116631/impress-the-boss,https://media-public-ht.project1content.com/m=eyzaevFb/539/363/ee0/1dc/485/2b9/238/50a/252/101/ae/poster/poster_01.jpg,https://prog-public-ht.project1content.com/539/363/ee0/1dc/485/2b9/238/50a/252/101/ae/mediabook/mediabook_320p.mp4
18,8128591,Front Row Seat to Cuckold Sex,"Adreena Winters,","Oct 16, 2022",https://www.brazzers.com/video/8128591/front-row-seat-to-cuckold-sex,https://media-public-ht.project1content.com/m=eyzaevFb/526/060/2f6/d04/4f8/ea8/4d5/fca/936/1bc/37/poster/poster_01.jpg,https://prog-public-ht.project1content.com/526/060/2f6/d04/4f8/ea8/4d5/fca/936/1bc/37/mediabook/mediabook_320p.mp4
19,8116551,Slither,"Charlotte Sins,","Oct 15, 2022",https://www.brazzers.com/video/8116551/slither,https://media-public-ht.project1content.com/m=eyzaevFb/7cd/af8/c4b/8ca/4cd/c8d/bda/23a/ce5/2d8/62/poster/poster_01.jpg,https://prog-public-ht.project1content.com/7cd/af8/c4b/8ca/4cd/c8d/bda/23a/ce5/2d8/62/mediabook/mediabook_320p.mp4
20,8116391,Soaking Up Kitana,"Kitana Montana,","Oct 14, 2022",https://www.brazzers.com/video/8116391/soaking-up-kitana,https://media-public-ht.project1content.com/m=eyzaevFb/fa7/f68/a5d/16f/47e/4b4/c08/a3a/5be/cf4/89/poster/poster_01.jpg,https://prog-public-ht.project1content.com/fa7/f68/a5d/16f/47e/4b4/c08/a3a/5be/cf4/89/mediabook/mediabook_320p.mp4
21,8116501,Pervy Discipline,"Veronica Leal,","Oct 14, 2022",https://www.brazzers.com/video/8116501/pervy-discipline,https://media-public-ht.project1content.com/m=eyzaevFb/41a/e84/c2a/0c5/454/0bc/bbe/b4d/878/67e/86/poster/poster_01.jpg,https://prog-public-ht.project1content.com/41a/e84/c2a/0c5/454/0bc/bbe/b4d/878/67e/86/mediabook/mediabook_320p.mp4
22,8116331,Meeting & Eating My Dad's New Girlfriend,"Gogo Fukme,","Oct 13, 2022",https://www.brazzers.com/video/8116331/meeting-eating-my-dads-new-girlfriend,https://media-public-ht.project1content.com/m=eyzaevFb/443/704/2f6/267/405/0b9/cbe/d5d/a79/7a4/fe/poster/poster_01.jpg,https://prog-public-ht.project1content.com/443/704/2f6/267/405/0b9/cbe/d5d/a79/7a4/fe/mediabook/mediabook_320p.mp4
23,8118991,All's Fair in Love And Prank War,"Ryan Reid, Jay Romero","Oct 13, 2022",https://www.brazzers.com/video/8118991/alls-fair-in-love-and-prank-war,https://media-public-ht.project1content.com/m=eyzaevFb/950/b77/6bf/2ef/476/088/3ff/973/f9c/9a6/79/poster/poster_01.jpg,https://prog-public-ht.project1content.com/950/b77/6bf/2ef/476/088/3ff/973/f9c/9a6/79/mediabook/mediabook_320p.mp4
24,8116301,Big Wet Office Fantasy,"Bunny Madison,","Oct 12, 2022",https://www.brazzers.com/video/8116301/big-wet-office-fantasy,https://media-public-ht.project1content.com/m=eyzaevFb/19b/9ce/feb/678/43c/7a2/840/8dc/17b/e01/80/poster/poster_01.jpg,https://prog-public-ht.project1content.com/19b/9ce/feb/678/43c/7a2/840/8dc/17b/e01/80/mediabook/mediabook_320p.mp4
25,8116601,"Step Sibling Rivalry, Threesome Gloryhole Fuckery","Aften Opal, Zerella Skies","Oct 12, 2022",https://www.brazzers.com/video/8116601/step-sibling-rivalry-threesome-gloryhole-fuckery,https://media-public-ht.project1content.com/m=eyzaevFb/d89/2b1/7f5/e77/492/580/da0/c7e/652/159/8d/poster/poster_01.jpg,https://prog-public-ht.project1content.com/d89/2b1/7f5/e77/492/580/da0/c7e/652/159/8d/mediabook/mediabook_320p.mp4
26,8105101,Hitching a Ride,"Maya Woulfe,","Oct 11, 2022",https://www.brazzers.com/video/8105101/hitching-a-ride,https://media-public-ht.project1content.com/m=eyzaevFb/9f1/b5d/528/e0b/475/f82/13a/570/94f/b10/21/poster/poster_01.jpg,https://prog-public-ht.project1content.com/9f1/b5d/528/e0b/475/f82/13a/570/94f/b10/21/mediabook/mediabook_320p.mp4
27,8105231,Two Oiled MILFs Share a Cock,"Richelle Ryan,","Oct 11, 2022",https://www.brazzers.com/video/8105231/two-oiled-mil-fs-share-a-cock,https://media-public-ht.project1content.com/m=eyzaevFb/9e8/fce/2fa/07d/432/a88/3fc/766/216/040/5a/poster/poster_01.jpg,https://prog-public-ht.project1content.com/9e8/fce/2fa/07d/432/a88/3fc/766/216/040/5a/mediabook/mediabook_320p.mp4
28,8105061,Mother Daughter Double Hitter: Part 2﻿﻿,"Tokyo Leigh,","Oct 10, 2022",https://www.brazzers.com/video/8105061/mother-daughter-double-hitter-part-2,https://media-public-ht.project1content.com/m=eyzaevFb/129/ac8/0ec/2ff/474/e82/8e0/d61/720/41d/96/poster/poster_01.jpg,https://prog-public-ht.project1content.com/129/ac8/0ec/2ff/474/e82/8e0/d61/720/41d/96/mediabook/mediabook_320p.mp4
29,8105141,Mother Daughter Double Hitter: Part 1,"Kimmy Kimm ,","Oct 10, 2022",https://www.brazzers.com/video/8105141/mother-daughter-double-hitter-part-1,https://media-public-ht.project1content.com/m=eyzaevFb/cad/7d0/a45/57d/4e8/aa6/fc6/a8c/f0b/08e/df/poster/poster_01.jpg,https://prog-public-ht.project1content.com/cad/7d0/a45/57d/4e8/aa6/fc6/a8c/f0b/08e/df/mediabook/mediabook_320p.mp4
30,8104631,Don't Let Her Out,"Luna Star, Scott Nails","Oct 9, 2022",https://www.brazzers.com/video/8104631/dont-let-her-out,https://media-public-ht.project1content.com/m=eyzaevFb/0cf/8f5/124/38d/41f/38b/f33/be7/e44/63c/8c/poster/poster_01.jpg,https://prog-public-ht.project1content.com/0cf/8f5/124/38d/41f/38b/f33/be7/e44/63c/8c/mediabook/mediabook_320p.mp4
31,8098701,Bougie Babe & The Cheating Rude Boy,"Laney Grey,","Oct 8, 2022",https://www.brazzers.com/video/8098701/bougie-babe-the-cheating-rude-boy,https://media-public-ht.project1content.com/m=eyzaevFb/759/5a2/9dd/644/4eb/499/c26/9e6/383/56a/14/poster/poster_01.jpg,https://prog-public-ht.project1content.com/759/5a2/9dd/644/4eb/499/c26/9e6/383/56a/14/mediabook/mediabook_320p.mp4
32,8098901,Sign Me Up For Sex,"Jasmine Brooks,","Oct 7, 2022",https://www.brazzers.com/video/8098901/sign-me-up-for-sex,https://media-public-ht.project1content.com/m=eyzaevFb/2be/625/10f/82c/409/780/0bd/186/4ba/75a/10/poster/poster_01.jpg,
33,8104551,Playing Doubles,"Phoenix Marie,","Oct 7, 2022",https://www.brazzers.com/video/8104551/playing-doubles,https://media-public-ht.project1content.com/m=eyzaevFb/d36/dc2/195/cf5/444/08d/8f5/9ac/95b/433/bb/poster/poster_01.jpg,
34,8098271,Juicy Jae On Display,"Jasmine Jae,","Oct 6, 2022",https://www.brazzers.com/video/8098271/juicy-jae-on-display,https://media-public-ht.project1content.com/m=eyzaevFb/6c5/ed1/d29/b98/4dc/5b7/323/6f1/d05/64b/dd/poster/poster_01.jpg,
35,8098331,A Course in Creampies,"Kenzie Reeves,","Oct 6, 2022",https://www.brazzers.com/video/8098331/a-course-in-creampies,https://media-public-ht.project1content.com/m=eyzaevFb/fd5/441/0d1/cb3/4e7/1b2/85c/39b/03d/2e0/7a/poster/poster_01.jpg,
36,8094701,Cleaning Up Before A Filthy Fuck,"Rharri Rhound,","Oct 5, 2022",https://www.brazzers.com/video/8094701/cleaning-up-before-a-filthy-fuck,https://media-public-ht.project1content.com/m=eyzaevFb/3ee/7fc/fbf/1cc/483/ebc/5ae/b0c/942/da2/2a/poster/poster_01.jpg,https://prog-public-ht.project1content.com/3ee/7fc/fbf/1cc/483/ebc/5ae/b0c/942/da2/2a/mediabook/mediabook_320p.mp4
37,8097801,MILF Does The Body Good,"Alexis Fawx,","Oct 5, 2022",https://www.brazzers.com/video/8097801/milf-does-the-body-good,https://media-public-ht.project1content.com/m=eyzaevFb/4da/303/e0d/e9f/4d2/b9d/4df/d97/600/077/05/poster/poster_01.jpg,https://prog-public-ht.project1content.com/4da/303/e0d/e9f/4d2/b9d/4df/d97/600/077/05/mediabook/mediabook_320p.mp4
38,8094681,A Perfect Storm,"Savanah Storm,","Oct 4, 2022",https://www.brazzers.com/video/8094681/a-perfect-storm,https://media-public-ht.project1content.com/m=eyzaevFb/93b/186/d1c/661/48b/4a6/0a4/cf9/a79/96f/cd/poster/poster_01.jpg,https://prog-public-ht.project1content.com/93b/186/d1c/661/48b/4a6/0a4/cf9/a79/96f/cd/mediabook/mediabook_320p.mp4
39,8098931,Gagging On The Guru,"Demi Sutra,","Oct 4, 2022",https://www.brazzers.com/video/8098931/gagging-on-the-guru,https://media-public-ht.project1content.com/m=eyzaevFb/593/918/c58/a81/4dc/dab/2f9/51e/a59/bdf/46/poster/poster_01.jpg,https://prog-public-ht.project1content.com/593/918/c58/a81/4dc/dab/2f9/51e/a59/bdf/46/mediabook/mediabook_320p.mp4
40,8094661,Alexxa's Double Penetration Vice,"Alexxa Vice,","Oct 3, 2022",https://www.brazzers.com/video/8094661/alexxas-double-penetration-vice,https://media-public-ht.project1content.com/m=eyzaevFb/90a/e16/36c/9d6/412/38d/fd8/0b8/86a/fed/61/poster/poster_01.jpg,https://prog-public-ht.project1content.com/90a/e16/36c/9d6/412/38d/fd8/0b8/86a/fed/61/mediabook/mediabook_320p.mp4
41,8094441,Bodega Bro Unlocks Impossible Achievement,"Jordyn Falls,","Oct 3, 2022",https://www.brazzers.com/video/8094441/bodega-bro-unlocks-impossible-achievement,https://media-public-ht.project1content.com/m=eyzaevFb/569/8aa/91f/59f/444/b83/3ec/255/ba2/f0e/fb/poster/poster_01.jpg,https://prog-public-ht.project1content.com/569/8aa/91f/59f/444/b83/3ec/255/ba2/f0e/fb/mediabook/mediabook_320p.mp4
42,8095841,Bound For Him,"CJ Miles, Zac Wild","Oct 2, 2022",https://www.brazzers.com/video/8095841/bound-for-him,https://media-public-ht.project1content.com/m=eyzaevFb/0bb/e79/9db/343/46f/f8d/fb3/bdf/db8/124/01/poster/poster_01.jpg,https://prog-public-ht.project1content.com/0bb/e79/9db/343/46f/f8d/fb3/bdf/db8/124/01/mediabook/mediabook_320p.mp4
43,8091221,Fucking GF's Dildo-Loving Roommates,"Aubree Valentine,","Oct 1, 2022",https://www.brazzers.com/video/8091221/fucking-g-fs-dildo-loving-roommates,https://media-public-ht.project1content.com/m=eyzaevFb/612/ea8/785/ec0/4dc/1a3/c15/2e1/f19/d15/55/poster/poster_01.jpg,https://prog-public-ht.project1content.com/612/ea8/785/ec0/4dc/1a3/c15/2e1/f19/d15/55/mediabook/mediabook_320p.mp4
44,8085701,Scream Her Name,"LaSirena69,","Sep 30, 2022",https://www.brazzers.com/video/8085701/scream-her-name,https://media-public-ht.project1content.com/m=eyzaevFb/819/e5a/fcf/ca0/41e/0b0/b47/b21/3d4/aaf/ff/poster/poster_01.jpg,https://prog-public-ht.project1content.com/819/e5a/fcf/ca0/41e/0b0/b47/b21/3d4/aaf/ff/mediabook/mediabook_320p.mp4
45,8081651,Stepmom's Bath Turns into a Threesome Smash,"Cherie Deville,","Sep 30, 2022",https://www.brazzers.com/video/8081651/stepmoms-bath-turns-into-a-threesome-smash,https://media-public-ht.project1content.com/m=eyzaevFb/3bd/e20/065/40f/4b7/2a1/759/084/eb8/045/ca/poster/poster_01.jpg,https://prog-public-ht.project1content.com/3bd/e20/065/40f/4b7/2a1/759/084/eb8/045/ca/mediabook/mediabook_320p.mp4
46,8084151,Anal Evaluation,"Venera Maxima,","Sep 29, 2022",https://www.brazzers.com/video/8084151/anal-evaluation,https://media-public-ht.project1content.com/m=eyzaevFb/9f6/ce5/fe2/934/415/385/489/1ab/b98/9f5/f3/poster/poster_01.jpg,https://prog-public-ht.project1content.com/9f6/ce5/fe2/934/415/385/489/1ab/b98/9f5/f3/mediabook/mediabook_320p.mp4
47,8076301,Massage Cheat Caught & Dominated,"Siri Dahl, Kira Noir","Sep 29, 2022",https://www.brazzers.com/video/8076301/massage-cheat-caught-dominated,https://media-public-ht.project1content.com/m=eyzaevFb/01f/55b/2b4/97c/4e0/ca5/38f/b54/d6e/0d5/8b/poster/poster_01.jpg,https://prog-public-ht.project1content.com/01f/55b/2b4/97c/4e0/ca5/38f/b54/d6e/0d5/8b/mediabook/mediabook_320p.mp4
48,8086371,Detention For My Teacher,"Roxie Sinner,","Sep 28, 2022",https://www.brazzers.com/video/8086371/detention-for-my-teacher,https://media-public-ht.project1content.com/m=eyzaevFb/e60/609/6e3/e1e/4c7/fa9/e45/372/924/6a2/e9/poster/poster_01.jpg,https://prog-public-ht.project1content.com/e60/609/6e3/e1e/4c7/fa9/e45/372/924/6a2/e9/mediabook/mediabook_320p.mp4
49,8081551,Horny Realtor's Revenge,"Emily Blake,","Sep 28, 2022",https://www.brazzers.com/video/8081551/horny-realtors-revenge,https://media-public-ht.project1content.com/m=eyzaevFb/d71/889/83c/4e9/4ad/aad/168/85e/2f7/094/f7/poster/poster_01.jpg,https://prog-public-ht.project1content.com/d71/889/83c/4e9/4ad/aad/168/85e/2f7/094/f7/mediabook/mediabook_320p.mp4
50,8083121,Tae Time,"Alexis Tae, Xander Corvus","Sep 27, 2022",https://www.brazzers.com/video/8083121/tae-time,https://media-public-ht.project1content.com/m=eyzaevFb/480/e37/751/22e/4bb/f87/27e/3cd/79b/437/43/poster/poster_01.jpg,https://prog-public-ht.project1content.com/480/e37/751/22e/4bb/f87/27e/3cd/79b/437/43/mediabook/mediabook_320p.mp4
51,8078831,Cum Dodger's Depot,"Samantha Lexi,","Sep 27, 2022",https://www.brazzers.com/video/8078831/cum-dodgers-depot,https://media-public-ht.project1content.com/m=eyzaevFb/824/d97/c01/0e5/46b/1a3/118/e5d/645/0e1/29/poster/poster_01.jpg,https://prog-public-ht.project1content.com/824/d97/c01/0e5/46b/1a3/118/e5d/645/0e1/29/mediabook/mediabook_320p.mp4
52,8078921,Waiting On My Ex,"Blake Blossom,","Sep 26, 2022",https://www.brazzers.com/video/8078921/waiting-on-my-ex,https://media-public-ht.project1content.com/m=eyzaevFb/a5e/b71/ed2/176/4bd/c93/605/2c9/e14/5a9/fe/poster/poster_01.jpg,https://prog-public-ht.project1content.com/a5e/b71/ed2/176/4bd/c93/605/2c9/e14/5a9/fe/mediabook/mediabook_320p.mp4
53,8066861,Oiling Up Their Big Naturals,"Angela White,","Sep 26, 2022",https://www.brazzers.com/video/8066861/oiling-up-their-big-naturals,https://media-public-ht.project1content.com/m=eyzaevFb/1c2/a0d/445/d1c/4e8/e80/9ee/605/424/805/41/poster/poster_01.jpg,https://prog-public-ht.project1content.com/1c2/a0d/445/d1c/4e8/e80/9ee/605/424/805/41/mediabook/mediabook_320p.mp4
54,8029301,Slutty Stalker Secretary,"Zoey Sinn, Mick Blue","Sep 25, 2022",https://www.brazzers.com/video/8029301/slutty-stalker-secretary,https://media-public-ht.project1content.com/m=eyzaevFb/2d3/1a2/439/d54/45c/fb3/b1f/98d/8c0/af3/6c/poster/poster_01.jpg,https://prog-public-ht.project1content.com/2d3/1a2/439/d54/45c/fb3/b1f/98d/8c0/af3/6c/mediabook/mediabook_320p.mp4
55,8068701,My Bro’s Geeky GF Does Anal!,"Theodora Day,","Sep 24, 2022",https://www.brazzers.com/video/8068701/my-bros-geeky-gf-does-anal,https://media-public-ht.project1content.com/m=eyzaevFb/1f2/e19/7a3/89e/450/da9/b38/71e/aae/ebd/74/poster/poster_01.jpg,https://prog-public-ht.project1content.com/1f2/e19/7a3/89e/450/da9/b38/71e/aae/ebd/74/mediabook/mediabook_320p.mp4
56,8066891,Imaginary Fuck Friend,"Valentina Nappi,","Sep 23, 2022",https://www.brazzers.com/video/8066891/imaginary-fuck-friend,https://media-public-ht.project1content.com/m=eyzaevFb/7c4/116/4fc/30c/458/6b0/1d6/34c/6e2/acf/cb/poster/poster_01.jpg,
57,8069041,2 Squirting Wives Seduce the Pool Guy,"Luna Star, Charli Phoenix","Sep 23, 2022",https://www.brazzers.com/video/8069041/2-squirting-wives-seduce-the-pool-guy,https://media-public-ht.project1content.com/m=eyzaevFb/463/eca/b10/427/423/08b/2a3/cda/8bb/e75/da/poster/poster_01.jpg,
58,8056751,Everything Must Go!,"Atlantis Deep,","Sep 22, 2022",https://www.brazzers.com/video/8056751/everything-must-go,https://media-public-ht.project1content.com/m=eyzaevFb/9af/282/af5/66c/46b/ba9/da1/936/2dd/e09/3a/poster/poster_01.jpg,
59,8060511,Horny Sex Goddesses,"Ebony Mystique,","Sep 22, 2022",https://www.brazzers.com/video/8060511/horny-sex-goddesses,https://media-public-ht.project1content.com/m=eyzaevFb/861/7d0/6bd/238/49d/b99/70b/80c/7a4/427/24/poster/poster_01.jpg,
60,8051831,Shoe Shop Til Dick Drops,"YumTheeBoss,","Sep 21, 2022",https://www.brazzers.com/video/8051831/shoe-shop-til-dick-drops,https://media-public-ht.project1content.com/m=eyzaevFb/e47/f44/8ca/4ca/448/2b8/244/72a/78c/65e/3c/poster/poster_01.jpg,https://prog-public-ht.project1content.com/e47/f44/8ca/4ca/448/2b8/244/72a/78c/65e/3c/mediabook/mediabook_320p.mp4
61,8066911,BrideZZilla: A Fuckfest At The Wedding part 3,"Phoenix Marie,","Sep 21, 2022",https://www.brazzers.com/video/8066911/bride-z-zilla-a-fuckfest-at-the-wedding-part-3,https://media-public-ht.project1content.com/m=eyzaevFb/416/e35/84f/fa7/42b/ba2/8f3/a94/628/4f0/0d/poster/poster_01.jpg,https://prog-public-ht.project1content.com/416/e35/84f/fa7/42b/ba2/8f3/a94/628/4f0/0d/mediabook/mediabook_320p.mp4
62,8060581,BrideZZilla: A Fuckfest At The Wedding part 2,"Phoenix Marie,","Sep 20, 2022",https://www.brazzers.com/video/8060581/bride-z-zilla-a-fuckfest-at-the-wedding-part-2,https://media-public-ht.project1content.com/m=eyzaevFb/3a7/485/97b/b4d/4f8/19a/5df/557/81e/aa0/70/poster/poster_01.jpg,https://prog-public-ht.project1content.com/3a7/485/97b/b4d/4f8/19a/5df/557/81e/aa0/70/mediabook/mediabook_320p.mp4
63,8056651,School Of Cock,"Ella Reese, Keiran Lee","Sep 20, 2022",https://www.brazzers.com/video/8056651/school-of-cock,https://media-public-ht.project1content.com/m=eyzaevFb/318/03a/e7b/acb/4a3/aa3/7be/4dc/500/5c0/3b/poster/poster_01.jpg,https://prog-public-ht.project1content.com/318/03a/e7b/acb/4a3/aa3/7be/4dc/500/5c0/3b/mediabook/mediabook_320p.mp4
64,8056701,Direct-2-Face Vabbing Squats,"Ali Cash, August Skye","Sep 19, 2022",https://www.brazzers.com/video/8056701/direct-2-face-vabbing-squats,https://media-public-ht.project1content.com/m=eyzaevFb/76f/325/6c0/c9d/475/79a/3cb/631/651/8c1/5a/poster/poster_01.jpg,https://prog-public-ht.project1content.com/76f/325/6c0/c9d/475/79a/3cb/631/651/8c1/5a/mediabook/mediabook_320p.mp4
65,8051301,BrideZZilla: A Fuckfest At The Wedding part 1,"Phoenix Marie,","Sep 19, 2022",https://www.brazzers.com/video/8051301/bride-z-zilla-a-fuckfest-at-the-wedding-part-1,https://media-public-ht.project1content.com/m=eyzaevFb/aa9/e0e/907/874/4ef/d8c/199/078/2cb/889/1b/poster/poster_01.jpg,https://prog-public-ht.project1content.com/aa9/e0e/907/874/4ef/d8c/199/078/2cb/889/1b/mediabook/mediabook_320p.mp4
66,8052041,A Peg On The Corporate Ladder,"Cherie Deville,","Sep 18, 2022",https://www.brazzers.com/video/8052041/a-peg-on-the-corporate-ladder,https://media-public-ht.project1content.com/m=eyzaevFb/e77/95f/a0f/a1b/4ba/3ad/7a1/f4e/943/f98/6f/poster/poster_01.jpg,https://prog-public-ht.project1content.com/e77/95f/a0f/a1b/4ba/3ad/7a1/f4e/943/f98/6f/mediabook/mediabook_320p.mp4
67,8029251,Lola's Fuckable Feet,"Lola Bellucci,","Sep 17, 2022",https://www.brazzers.com/video/8029251/lolas-fuckable-feet,https://media-public-ht.project1content.com/m=eyzaevFb/d43/e70/ad6/f52/45f/ba7/9a6/5a0/054/d6b/0a/poster/poster_01.jpg,https://prog-public-ht.project1content.com/d43/e70/ad6/f52/45f/ba7/9a6/5a0/054/d6b/0a/mediabook/mediabook_320p.mp4
68,8043451,Put That Pussy On Ice,"Riley Reign,","Sep 16, 2022",https://www.brazzers.com/video/8043451/put-that-pussy-on-ice,https://media-public-ht.project1content.com/m=eyzaevFb/55c/b99/7e4/a2a/4b0/9b4/952/b16/aa1/a37/fb/poster/poster_01.jpg,https://prog-public-ht.project1content.com/55c/b99/7e4/a2a/4b0/9b4/952/b16/aa1/a37/fb/mediabook/mediabook_320p.mp4
69,8047661,Lending A Horny Hand,"Rachel Starr,","Sep 16, 2022",https://www.brazzers.com/video/8047661/lending-a-horny-hand,https://media-public-ht.project1content.com/m=eyzaevFb/eb5/562/cde/57e/4f4/3bc/7c4/f6a/4ba/fd0/67/poster/poster_01.jpg,https://prog-public-ht.project1content.com/eb5/562/cde/57e/4f4/3bc/7c4/f6a/4ba/fd0/67/mediabook/mediabook_320p.mp4
70,8043431,Slippery When Wet MILF Bangs Stepson,"Uptown Jenny,","Sep 15, 2022",https://www.brazzers.com/video/8043431/slippery-when-wet-milf-bangs-stepson,https://media-public-ht.project1content.com/m=eyzaevFb/cf4/206/831/615/47d/88d/2e2/515/8a4/4f3/00/poster/poster_01.jpg,https://prog-public-ht.project1content.com/cf4/206/831/615/47d/88d/2e2/515/8a4/4f3/00/mediabook/mediabook_320p.mp4
71,8047621,The Devil Wears Nada,"Alexis Fawx,","Sep 15, 2022",https://www.brazzers.com/video/8047621/the-devil-wears-nada,https://media-public-ht.project1content.com/m=eyzaevFb/1cb/584/551/7a4/459/da2/899/fcf/47d/e52/eb/poster/poster_01.jpg,https://prog-public-ht.project1content.com/1cb/584/551/7a4/459/da2/899/fcf/47d/e52/eb/mediabook/mediabook_320p.mp4
72,8029571,So Much Oil She Shines!,"Christina Shine,","Sep 14, 2022",https://www.brazzers.com/video/8029571/so-much-oil-she-shines,https://media-public-ht.project1content.com/m=eyzaevFb/317/ed3/07f/063/4ce/4b4/74e/44b/0e8/5ef/77/poster/poster_01.jpg,https://prog-public-ht.project1content.com/317/ed3/07f/063/4ce/4b4/74e/44b/0e8/5ef/77/mediabook/mediabook_320p.mp4
73,8043321,Fucked From The Future,"Abigaiil Morris,","Sep 14, 2022",https://www.brazzers.com/video/8043321/fucked-from-the-future,https://media-public-ht.project1content.com/m=eyzaevFb/707/669/fe4/a41/4dd/49c/c32/f49/090/a17/04/poster/poster_01.jpg,https://prog-public-ht.project1content.com/707/669/fe4/a41/4dd/49c/c32/f49/090/a17/04/mediabook/mediabook_320p.mp4
74,8029661,"Climb In Her Window, Cum In Her Mouth","Mena Carlisle,","Sep 13, 2022",https://www.brazzers.com/video/8029661/climb-in-her-window-cum-in-her-mouth,https://media-public-ht.project1content.com/m=eyzaevFb/550/8b1/ced/258/4d2/6af/d19/029/f00/7d2/7f/poster/poster_01.jpg,https://prog-public-ht.project1content.com/550/8b1/ced/258/4d2/6af/d19/029/f00/7d2/7f/mediabook/mediabook_320p.mp4
75,8029611,Angela's Airtight DP,"Angela White,","Sep 13, 2022",https://www.brazzers.com/video/8029611/angelas-airtight-dp,https://media-public-ht.project1content.com/m=eyzaevFb/070/d8e/218/810/4bf/3b3/591/e48/1ad/d17/d7/poster/poster_01.jpg,https://prog-public-ht.project1content.com/070/d8e/218/810/4bf/3b3/591/e48/1ad/d17/d7/mediabook/mediabook_320p.mp4
76,8043561,Mother In Law Knows Best,"Mellanie Monroe,","Sep 12, 2022",https://www.brazzers.com/video/8043561/mother-in-law-knows-best,https://media-public-ht.project1content.com/m=eyzaevFb/d2c/9ee/57c/c1e/494/9b3/3b6/881/751/d45/28/poster/poster_01.jpg,https://prog-public-ht.project1content.com/d2c/9ee/57c/c1e/494/9b3/3b6/881/751/d45/28/mediabook/mediabook_320p.mp4
77,8029641,Warning: Shoplifters Will Be Pro-ASS-ecuted,"Angel Wicky,","Sep 12, 2022",https://www.brazzers.com/video/8029641/warning-shoplifters-will-be-pro-ass-ecuted,https://media-public-ht.project1content.com/m=eyzaevFb/a16/18d/971/eb5/412/f9b/b63/a1d/baf/8b6/14/poster/poster_01.jpg,https://prog-public-ht.project1content.com/a16/18d/971/eb5/412/f9b/b63/a1d/baf/8b6/14/mediabook/mediabook_320p.mp4
78,8029741,Skirt Pervert,"Naomi Foxxx,","Sep 11, 2022",https://www.brazzers.com/video/8029741/skirt-pervert,https://media-public-ht.project1content.com/m=eyzaevFb/03e/237/41c/69d/48a/385/b61/4e9/907/d73/ac/poster/poster_01.jpg,https://prog-public-ht.project1content.com/03e/237/41c/69d/48a/385/b61/4e9/907/d73/ac/mediabook/mediabook_320p.mp4
79,8028731,Luna Star: The Girlfriend Experience,"Luna Star, Xander Corvus","Sep 10, 2022",https://www.brazzers.com/video/8028731/luna-star-the-girlfriend-experience,https://media-public-ht.project1content.com/m=eyzaevFb/815/dc2/30a/113/45a/1a5/862/32f/f76/1c8/04/poster/poster_01.jpg,https://prog-public-ht.project1content.com/815/dc2/30a/113/45a/1a5/862/32f/f76/1c8/04/mediabook/mediabook_320p.mp4
80,8027091,Laying The Landlord,"Tasha Lustn,","Sep 9, 2022",https://www.brazzers.com/video/8027091/laying-the-landlord,https://media-public-ht.project1content.com/m=eyzaevFb/fb0/bdc/0f6/00d/4ee/388/122/71d/3bf/abf/99/poster/poster_01.jpg,
81,8027061,"Massage Me, Fuck Me, And Ignore Her","Kaiia Eve, Deja Marie","Sep 9, 2022",https://www.brazzers.com/video/8027061/massage-me-fuck-me-and-ignore-her,https://media-public-ht.project1content.com/m=eyzaevFb/12c/06c/8ec/c17/4dd/6ba/ee5/110/1d2/817/23/poster/poster_01.jpg,
82,8026941,Banging the Businesswoman,"Kendra Sunderland,","Sep 8, 2022",https://www.brazzers.com/video/8026941/banging-the-businesswoman,https://media-public-ht.project1content.com/m=eyzaevFb/dfb/0e2/124/341/4c3/5b4/8cc/025/607/64a/3e/poster/poster_01.jpg,
83,8026871,Work That Pussy,"Jenna Starr,","Sep 8, 2022",https://www.brazzers.com/video/8026871/work-that-pussy,https://media-public-ht.project1content.com/m=eyzaevFb/e25/098/aff/444/4bf/487/890/8ae/9eb/23c/34/poster/poster_01.jpg,
84,8026831,Tongue Tied & Pussy-Whipped,"Ebony Mystique,","Sep 7, 2022",https://www.brazzers.com/video/8026831/tongue-tied-pussy-whipped,https://media-public-ht.project1content.com/m=eyzaevFb/cd1/471/f09/655/404/2b8/e00/3bc/2c6/72f/b4/poster/poster_01.jpg,https://prog-public-ht.project1content.com/cd1/471/f09/655/404/2b8/e00/3bc/2c6/72f/b4/mediabook/mediabook_320p.mp4
85,8019071,"Good Cock, Bad Cop","Destiny Dixon,","Sep 7, 2022",https://www.brazzers.com/video/8019071/good-cock-bad-cop,https://media-public-ht.project1content.com/m=eyzaevFb/86e/5c6/f1f/c92/447/59c/bca/889/a76/1d1/dd/poster/poster_01.jpg,https://prog-public-ht.project1content.com/86e/5c6/f1f/c92/447/59c/bca/889/a76/1d1/dd/mediabook/mediabook_320p.mp4
86,7995371,Get Your Ass Out Of My Shot,"Jada Sparks,","Sep 6, 2022",https://www.brazzers.com/video/7995371/get-your-ass-out-of-my-shot,https://media-public-ht.project1content.com/m=eyzaevFb/cec/547/774/2a8/4d3/681/d8e/e5b/8e3/5c0/58/poster/poster_01.jpg,https://prog-public-ht.project1content.com/cec/547/774/2a8/4d3/681/d8e/e5b/8e3/5c0/58/mediabook/mediabook_320p.mp4
87,8025741,A+ Foursome Fuck,"Andi James,","Sep 6, 2022",https://www.brazzers.com/video/8025741/a-foursome-fuck,https://media-public-ht.project1content.com/m=eyzaevFb/245/f83/580/68d/47a/ca2/5db/a1e/18f/62b/2d/poster/poster_01.jpg,https://prog-public-ht.project1content.com/245/f83/580/68d/47a/ca2/5db/a1e/18f/62b/2d/mediabook/mediabook_320p.mp4
88,8019701,Blindfolding Him for Her DP,"Armani Black,","Sep 5, 2022",https://www.brazzers.com/video/8019701/blindfolding-him-for-her-dp,https://media-public-ht.project1content.com/m=eyzaevFb/e61/efc/0aa/cc5/408/494/f5c/acb/b1a/855/3a/poster/poster_01.jpg,https://prog-public-ht.project1content.com/e61/efc/0aa/cc5/408/494/f5c/acb/b1a/855/3a/mediabook/mediabook_320p.mp4
89,8019671,Bubbly Fucking,"Katalina Kyle,","Sep 5, 2022",https://www.brazzers.com/video/8019671/bubbly-fucking,https://media-public-ht.project1content.com/m=eyzaevFb/3be/b8d/ed5/0f4/435/6bf/455/9b7/35e/2c8/00/poster/poster_01.jpg,https://prog-public-ht.project1content.com/3be/b8d/ed5/0f4/435/6bf/455/9b7/35e/2c8/00/mediabook/mediabook_320p.mp4
90,8019261,Bank Banging Fools Sloppy Robber,"Breyana Moore,","Sep 4, 2022",https://www.brazzers.com/video/8019261/bank-banging-fools-sloppy-robber,https://media-public-ht.project1content.com/m=eyzaevFb/9f7/62d/144/e99/4a8/a8e/2a5/fbf/1d5/d0c/34/poster/poster_01.jpg,https://prog-public-ht.project1content.com/9f7/62d/144/e99/4a8/a8e/2a5/fbf/1d5/d0c/34/mediabook/mediabook_320p.mp4
91,7982471,"Precious Pussy, Open Throat","Gia OhMy, Johnny Love","Sep 3, 2022",https://www.brazzers.com/video/7982471/precious-pussy-open-throat,https://media-public-ht.project1content.com/m=eyzaevFb/d66/46d/d99/871/473/b9a/e99/6a3/f3b/4fa/e2/poster/poster_01.jpg,https://prog-public-ht.project1content.com/d66/46d/d99/871/473/b9a/e99/6a3/f3b/4fa/e2/mediabook/mediabook_320p.mp4
92,7996411,Break-Up Cuck,"Elena Koshka,","Sep 2, 2022",https://www.brazzers.com/video/7996411/break-up-cuck,https://media-public-ht.project1content.com/m=eyzaevFb/e95/0dc/bff/716/401/482/295/b48/02e/b0b/e2/poster/poster_01.jpg,https://prog-public-ht.project1content.com/e95/0dc/bff/716/401/482/295/b48/02e/b0b/e2/mediabook/mediabook_320p.mp4
93,7996371,Thirst Trap,"Diamond Banks,","Sep 2, 2022",https://www.brazzers.com/video/7996371/thirst-trap,https://media-public-ht.project1content.com/m=eyzaevFb/3bb/748/7e0/d5a/4f7/d9f/bfa/063/e2f/ba3/32/poster/poster_01.jpg,https://prog-public-ht.project1content.com/3bb/748/7e0/d5a/4f7/d9f/bfa/063/e2f/ba3/32/mediabook/mediabook_320p.mp4
94,7975691,Fucking My GF's Tall Lookalike Roomie,"Kimmy Kimm ,","Sep 1, 2022",https://www.brazzers.com/video/7975691/fucking-my-g-fs-tall-lookalike-roomie,https://media-public-ht.project1content.com/m=eyzaevFb/d60/ee5/085/4cd/4bf/db8/a5c/643/8e8/892/57/poster/poster_01.jpg,https://prog-public-ht.project1content.com/d60/ee5/085/4cd/4bf/db8/a5c/643/8e8/892/57/mediabook/mediabook_320p.mp4
95,7994201,Anal Angel Next Door,"Angel Youngs,","Sep 1, 2022",https://www.brazzers.com/video/7994201/anal-angel-next-door,https://media-public-ht.project1content.com/m=eyzaevFb/4a3/005/d4b/54c/4a5/095/add/b1f/d7a/da1/30/poster/poster_01.jpg,https://prog-public-ht.project1content.com/4a3/005/d4b/54c/4a5/095/add/b1f/d7a/da1/30/mediabook/mediabook_320p.mp4
96,7975471,An Extramarital Affair,"Rachel Starr,","Aug 31, 2022",https://www.brazzers.com/video/7975471/an-extramarital-affair,https://media-public-ht.project1content.com/m=eyzaevFb/508/0c3/225/10a/4ab/39c/6e2/960/097/92b/67/poster/poster_01.jpg,https://prog-public-ht.project1content.com/508/0c3/225/10a/4ab/39c/6e2/960/097/92b/67/mediabook/mediabook_320p.mp4
97,7996201,Waiter Gets Served a Big Round Ass,"Nina Kayy, Jordi El Nino Polla","Aug 31, 2022",https://www.brazzers.com/video/7996201/waiter-gets-served-a-big-round-ass,https://media-public-ht.project1content.com/m=eyzaevFb/fcd/953/a9b/896/412/d9d/b29/db4/ad4/18a/ff/poster/poster_01.jpg,https://prog-public-ht.project1content.com/fcd/953/a9b/896/412/d9d/b29/db4/ad4/18a/ff/mediabook/mediabook_320p.mp4
98,7995811,I Wanna Fuck Your Mom,"Cherie Deville,","Aug 30, 2022",https://www.brazzers.com/video/7995811/i-wanna-fuck-your-mom,https://media-public-ht.project1content.com/m=eyzaevFb/218/483/c49/4a9/411/f9b/d6d/2e3/82f/2e5/f3/poster/poster_01.jpg,https://prog-public-ht.project1content.com/218/483/c49/4a9/411/f9b/d6d/2e3/82f/2e5/f3/mediabook/mediabook_320p.mp4
99,7940371,Lulu's POV Fantasy,"Lulu Chu, Xander Corvus","Aug 30, 2022",https://www.brazzers.com/video/7940371/lulus-pov-fantasy,https://media-public-ht.project1content.com/m=eyzaevFb/014/471/581/895/47e/280/471/619/6cc/119/7c/poster/poster_01.jpg,https://prog-public-ht.project1content.com/014/471/581/895/47e/280/471/619/6cc/119/7c/mediabook/mediabook_320p.mp4
100,7975751,Pussy Talk,"Aubrey Black,","Aug 29, 2022",https://www.brazzers.com/video/7975751/pussy-talk,https://media-public-ht.project1content.com/m=eyzaevFb/f38/41a/38e/a71/4d9/283/59b/2b4/02d/709/08/poster/poster_01.jpg,https://prog-public-ht.project1content.com/f38/41a/38e/a71/4d9/283/59b/2b4/02d/709/08/mediabook/mediabook_320p.mp4
101,7939451,Horny Couple Pranks And Fucks,"Sidney Summers,","Aug 29, 2022",https://www.brazzers.com/video/7939451/horny-couple-pranks-and-fucks,https://media-public-ht.project1content.com/m=eyzaevFb/fe4/26a/594/7a3/46b/385/2d7/ca8/f51/262/45/poster/poster_01.jpg,https://prog-public-ht.project1content.com/fe4/26a/594/7a3/46b/385/2d7/ca8/f51/262/45/mediabook/mediabook_320p.mp4
102,7975441,Hacking Your Cock,"Kiki Daniels,","Aug 28, 2022",https://www.brazzers.com/video/7975441/hacking-your-cock,https://media-public-ht.project1content.com/m=eyzaevFb/b25/3b2/5e7/537/465/7bb/ad3/7c8/96e/f0c/03/poster/poster_01.jpg,https://prog-public-ht.project1content.com/b25/3b2/5e7/537/465/7bb/ad3/7c8/96e/f0c/03/mediabook/mediabook_320p.mp4
103,7971461,Trouser Arouser,"Alexis Fawx,","Aug 27, 2022",https://www.brazzers.com/video/7971461/trouser-arouser,https://media-public-ht.project1content.com/m=eyzaevFb/384/1f3/d30/987/4e2/c8f/ea6/86e/648/e1c/af/poster/poster_01.jpg,https://prog-public-ht.project1content.com/384/1f3/d30/987/4e2/c8f/ea6/86e/648/e1c/af/mediabook/mediabook_320p.mp4
104,7982091,The Plumber's Cumming,"Jayla Page, Will Pounder","Aug 26, 2022",https://www.brazzers.com/video/7982091/the-plumbers-cumming,https://media-public-ht.project1content.com/m=eyzaevFb/7ec/d29/c18/9cd/457/5b5/5de/0b4/2d3/24d/b3/poster/poster_01.jpg,
105,7939251,Greasy Diner Anal Escapade,"Mellanie Monroe,","Aug 26, 2022",https://www.brazzers.com/video/7939251/greasy-diner-anal-escapade,https://media-public-ht.project1content.com/m=eyzaevFb/7fa/3b5/20d/2bf/456/b8c/6f6/583/ac2/204/f5/poster/poster_01.jpg,
106,7982821,Pussy Freak On A Leash,"Scarlit Scandal,","Aug 25, 2022",https://www.brazzers.com/video/7982821/pussy-freak-on-a-leash,https://media-public-ht.project1content.com/m=eyzaevFb/93f/d58/367/a49/471/f9d/e60/119/75f/8ab/43/poster/poster_01.jpg,
107,7971571,Cheeky Cheaters,"Tasty Stacey,","Aug 25, 2022",https://www.brazzers.com/video/7971571/cheeky-cheaters,https://media-public-ht.project1content.com/m=eyzaevFb/929/d74/ed7/825/4fa/5a0/f6d/caa/8d4/a30/98/poster/poster_01.jpg,
108,7940961,Bathtub Anal With A MILF,"Katrina Thicc,","Aug 24, 2022",https://www.brazzers.com/video/7940961/bathtub-anal-with-a-milf,https://media-public-ht.project1content.com/m=eyzaevFb/d44/58a/226/8be/430/193/00f/5c3/dd3/57e/7a/poster/poster_01.jpg,https://prog-public-ht.project1content.com/d44/58a/226/8be/430/193/00f/5c3/dd3/57e/7a/mediabook/mediabook_320p.mp4
109,7940921,Good Neighbors,"Bella Blu, Joshua Lewis","Aug 24, 2022",https://www.brazzers.com/video/7940921/good-neighbors,https://media-public-ht.project1content.com/m=eyzaevFb/87a/ad3/aca/2eb/43a/5b2/756/6db/5bf/de8/c8/poster/poster_01.jpg,https://prog-public-ht.project1content.com/87a/ad3/aca/2eb/43a/5b2/756/6db/5bf/de8/c8/mediabook/mediabook_320p.mp4
110,7971231,Devoured,"Alexis Tae, Mick Blue","Aug 23, 2022",https://www.brazzers.com/video/7971231/devoured,https://media-public-ht.project1content.com/m=eyzaevFb/5fa/faa/6a2/07a/4fc/fa7/ff7/275/8d7/83d/de/poster/poster_01.jpg,https://prog-public-ht.project1content.com/5fa/faa/6a2/07a/4fc/fa7/ff7/275/8d7/83d/de/mediabook/mediabook_320p.mp4
111,7940861,Freeuse Getaway: Part 3,"Dee Williams,","Aug 23, 2022",https://www.brazzers.com/video/7940861/freeuse-getaway-part-3,https://media-public-ht.project1content.com/m=eyzaevFb/b4b/f98/406/f81/4dd/aa7/9ce/c4a/57d/d12/90/poster/poster_01.jpg,https://prog-public-ht.project1content.com/b4b/f98/406/f81/4dd/aa7/9ce/c4a/57d/d12/90/mediabook/mediabook_320p.mp4
112,7940891,Freeuse Getaway: Part 2,"Jane Wilde, Ebony Mystique","Aug 22, 2022",https://www.brazzers.com/video/7940891/freeuse-getaway-part-2,https://media-public-ht.project1content.com/m=eyzaevFb/d94/111/494/b41/47f/6ab/ba1/444/24d/783/ed/poster/poster_01.jpg,https://prog-public-ht.project1content.com/d94/111/494/b41/47f/6ab/ba1/444/24d/783/ed/mediabook/mediabook_320p.mp4
113,4411041,An Anniversary Surprise,"April Flores,","Aug 22, 2022",https://www.brazzers.com/video/4411041/an-anniversary-surprise,https://media-public-ht.project1content.com/m=eyzaevFb/bf9/c2b/ece/c82/433/085/458/350/11b/679/a8/poster/poster_01.jpg,https://prog-public-ht.project1content.com/bf9/c2b/ece/c82/433/085/458/350/11b/679/a8/mediabook/mediabook_320p.mp4
114,7940391,Freeuse Getaway: Part 1,"Jasmine Jae,","Aug 21, 2022",https://www.brazzers.com/video/7940391/freeuse-getaway-part-1,https://media-public-ht.project1content.com/m=eyzaevFb/651/5e3/75f/9d7/40b/49d/297/314/174/620/da/poster/poster_01.jpg,https://prog-public-ht.project1content.com/651/5e3/75f/9d7/40b/49d/297/314/174/620/da/mediabook/mediabook_320p.mp4
115,7940481,A Modern Romance - Latin Lovers' Anal Treachery,"Luna Star, Jordi El Nino Polla","Aug 20, 2022",https://www.brazzers.com/video/7940481/a-modern-romance-latin-lovers-anal-treachery,https://media-public-ht.project1content.com/m=eyzaevFb/3aa/01f/d37/95a/49e/8bf/efc/95f/3c8/85f/65/poster/poster_01.jpg,https://prog-public-ht.project1content.com/3aa/01f/d37/95a/49e/8bf/efc/95f/3c8/85f/65/mediabook/mediabook_320p.mp4
116,7982281,Raunchy Realtor Gets Fucked Part 1,"Siri Dahl, Adira Allure","Aug 19, 2022",https://www.brazzers.com/video/7982281/raunchy-realtor-gets-fucked-part-1,https://media-public-ht.project1content.com/m=eyzaevFb/a49/df4/755/5be/46b/f8b/37b/f10/6e6/42e/34/poster/poster_01.jpg,https://prog-public-ht.project1content.com/a49/df4/755/5be/46b/f8b/37b/f10/6e6/42e/34/mediabook/mediabook_320p.mp4
117,7979901,Raunchy Realtor Gets Fucked Part 2,"Siri Dahl, Katie Kush","Aug 19, 2022",https://www.brazzers.com/video/7979901/raunchy-realtor-gets-fucked-part-2,https://media-public-ht.project1content.com/m=eyzaevFb/254/b14/2f8/3e1/4e0/f9e/12a/534/7cd/828/47/poster/poster_01.jpg,https://prog-public-ht.project1content.com/254/b14/2f8/3e1/4e0/f9e/12a/534/7cd/828/47/mediabook/mediabook_320p.mp4
118,7940461,This Thing of Ours,"Hot Ass Hollywood,","Aug 18, 2022",https://www.brazzers.com/video/7940461/this-thing-of-ours,https://media-public-ht.project1content.com/m=eyzaevFb/ad0/811/d78/885/4ff/7ac/b9f/5d9/5b2/b81/21/poster/poster_01.jpg,https://prog-public-ht.project1content.com/ad0/811/d78/885/4ff/7ac/b9f/5d9/5b2/b81/21/mediabook/mediabook_320p.mp4
119,7940651,Welcome To White's Ward 3,"Angela White,","Aug 18, 2022",https://www.brazzers.com/video/7940651/welcome-to-whites-ward-3,https://media-public-ht.project1content.com/m=eyzaevFb/fe7/824/c64/37b/401/9a9/5b5/3ba/2c2/af3/e1/poster/poster_01.jpg,https://prog-public-ht.project1content.com/fe7/824/c64/37b/401/9a9/5b5/3ba/2c2/af3/e1/mediabook/mediabook_320p.mp4
120,7940631,Sit On My Strap-on And Spin,"Aria Banks,","Aug 17, 2022",https://www.brazzers.com/video/7940631/sit-on-my-strap-on-and-spin,https://media-public-hw.project1content.com/m=eyzaevFb/11a/88a/966/a34/461/f95/620/2c0/088/1ad/48/poster/poster_01.jpg,https://prog-public-ht.project1content.com/11a/88a/966/a34/461/f95/620/2c0/088/1ad/48/mediabook/mediabook_320p.mp4
121,7940991,Welcome To White's Ward - Part 2,"Angela White,","Aug 17, 2022",https://www.brazzers.com/video/7940991/welcome-to-whites-ward-part-2,https://media-public-hw.project1content.com/m=eyzaevFb/f75/bbf/4d9/0aa/45d/8b0/303/f6b/51f/d3a/fa/poster/poster_01.jpg,https://prog-public-ht.project1content.com/f75/bbf/4d9/0aa/45d/8b0/303/f6b/51f/d3a/fa/mediabook/mediabook_320p.mp4
122,7940761,The Deepthroat Doctor Is In,"Marina Maya,","Aug 16, 2022",https://www.brazzers.com/video/7940761/the-deepthroat-doctor-is-in,https://media-public-hw.project1content.com/m=eyzaevFb/3be/5a7/534/43c/4c4/a99/a21/4cd/161/5db/a6/poster/poster_01.jpg,https://prog-public-ht.project1content.com/3be/5a7/534/43c/4c4/a99/a21/4cd/161/5db/a6/mediabook/mediabook_320p.mp4
123,7940721,Welcome To White's Ward - Part 1,"Angela White,","Aug 16, 2022",https://www.brazzers.com/video/7940721/welcome-to-whites-ward-part-1,https://media-public-hw.project1content.com/m=eyzaevFb/5bc/894/d05/7a3/4b4/7a7/9f3/284/f0a/bf1/7d/poster/poster_01.jpg,https://prog-public-ht.project1content.com/5bc/894/d05/7a3/4b4/7a7/9f3/284/f0a/bf1/7d/mediabook/mediabook_320p.mp4
124,7940551,Rubbing Jexxxica The Right Way,"Dante Colle,","Aug 15, 2022",https://www.brazzers.com/video/7940551/rubbing-jexxxica-the-right-way,https://media-public-hw.project1content.com/m=eyzaevFb/eb3/aff/d60/363/456/cbc/287/334/556/3f3/38/poster/poster_01.jpg,https://prog-public-ht.project1content.com/eb3/aff/d60/363/456/cbc/287/334/556/3f3/38/mediabook/mediabook_320p.mp4
125,7939591,Pervy Roommate's VR Titty Squeeze,"August Skye,","Aug 15, 2022",https://www.brazzers.com/video/7939591/pervy-roommates-vr-titty-squeeze,https://media-public-hw.project1content.com/m=eyzaevFb/fae/187/9d0/814/4f1/798/ce4/fa2/1e4/1a5/ab/poster/poster_01.jpg,https://prog-public-ht.project1content.com/fae/187/9d0/814/4f1/798/ce4/fa2/1e4/1a5/ab/mediabook/mediabook_320p.mp4
126,7939431,The Gauntlet,"Bella Rolland,","Aug 14, 2022",https://www.brazzers.com/video/7939431/the-gauntlet,https://media-public-hw.project1content.com/m=eyzaevFb/161/cfc/1d4/87b/4b5/baa/a83/aa4/3c0/55c/0a/poster/poster_01.jpg,https://prog-public-ht.project1content.com/161/cfc/1d4/87b/4b5/baa/a83/aa4/3c0/55c/0a/mediabook/mediabook_320p.mp4
127,7939291,The Missing Ingredient,"Adaline Star,","Aug 14, 2022",https://www.brazzers.com/video/7939291/the-missing-ingredient,https://media-public-hw.project1content.com/m=eyzaevFb/26f/39c/a57/c9f/44f/5a9/4c4/a1d/10c/afd/64/poster/poster_01.jpg,https://prog-public-ht.project1content.com/26f/39c/a57/c9f/44f/5a9/4c4/a1d/10c/afd/64/mediabook/mediabook_320p.mp4
128,4658511,Nicole's Heavenly Booty,"Nicole Doshi,","Aug 13, 2022",https://www.brazzers.com/video/4658511/nicoles-heavenly-booty,https://media-public-hw.project1content.com/m=eyzaevFb/465/281/e64/b74/4f6/096/59e/82a/3e5/436/2b/poster/poster_01.jpg,
129,7939391,Classy Suburban Wife's Cum Obsession,"Cherie Deville,","Aug 12, 2022",https://www.brazzers.com/video/7939391/classy-suburban-wifes-cum-obsession,https://media-public-hw.project1content.com/m=eyzaevFb/d52/2de/b0a/ed9/490/f86/182/5a6/993/b65/1e/poster/poster_01.jpg,
130,7939791,Garage Banned,"Ashlyn Peaks,","Aug 12, 2022",https://www.brazzers.com/video/7939791/garage-banned,https://media-public-hw.project1content.com/m=eyzaevFb/b84/f5a/efc/583/4cf/19b/1b8/3df/68d/b2f/c6/poster/poster_01.jpg,
131,7939271,Taught To Be Naughty,"Anny Aurora,","Aug 11, 2022",https://www.brazzers.com/video/7939271/taught-to-be-naughty,https://media-public-hw.project1content.com/m=eyzaevFb/164/9eb/d3c/909/451/5bb/9ac/76f/e91/9dd/4f/poster/poster_01.jpg,
132,7939501,My Boss's New Boobs,"Blondie Bombshell,","Aug 11, 2022",https://www.brazzers.com/video/7939501/my-bosss-new-boobs,https://media-public-hw.project1content.com/m=eyzaevFb/bbe/691/a6a/159/4c1/68c/fe3/d79/94e/7a3/9d/poster/poster_01.jpg,https://prog-public-ht.project1content.com/bbe/691/a6a/159/4c1/68c/fe3/d79/94e/7a3/9d/mediabook/mediabook_320p.mp4
133,7939171,Deepthroat Challenge,"Demi Sutra,","Aug 10, 2022",https://www.brazzers.com/video/7939171/deepthroat-challenge,https://media-public-hw.project1content.com/m=eyzaevFb/55b/008/417/cfd/4f9/e86/404/607/d60/415/85/poster/poster_01.jpg,https://prog-public-ht.project1content.com/55b/008/417/cfd/4f9/e86/404/607/d60/415/85/mediabook/mediabook_320p.mp4
134,7939621,Two Loads Are Better Than None,"Phoenix Marie,","Aug 10, 2022",https://www.brazzers.com/video/7939621/two-loads-are-better-than-none,https://media-public-hw.project1content.com/m=eyzaevFb/3ec/590/6b4/142/478/ca0/540/c32/f10/dec/ef/poster/poster_01.jpg,https://prog-public-ht.project1content.com/3ec/590/6b4/142/478/ca0/540/c32/f10/dec/ef/mediabook/mediabook_320p.mp4
135,7938251,Double Vaginal Degenerates,"LaSirena69,","Aug 9, 2022",https://www.brazzers.com/video/7938251/double-vaginal-degenerates,https://media-public-hw.project1content.com/m=eyzaevFb/c3a/e48/25a/458/49c/db5/2be/40e/075/656/73/poster/poster_01.jpg,https://prog-public-ht.project1content.com/c3a/e48/25a/458/49c/db5/2be/40e/075/656/73/mediabook/mediabook_320p.mp4
136,4659061,The Money Shot,"Lola Rose, Danny D","Aug 8, 2022",https://www.brazzers.com/video/4659061/the-money-shot,https://media-public-hw.project1content.com/m=eyzaevFb/a05/9fd/b2e/89d/4e8/caa/086/11a/398/1a5/d0/poster/poster_01.jpg,https://prog-public-ht.project1content.com/a05/9fd/b2e/89d/4e8/caa/086/11a/398/1a5/d0/mediabook/mediabook_320p.mp4
137,7939331,Sneaky Masseur Likes Big Tits,"Dallas Playhouse,","Aug 8, 2022",https://www.brazzers.com/video/7939331/sneaky-masseur-likes-big-tits,https://media-public-hw.project1content.com/m=eyzaevFb/1ee/c63/ae4/c63/450/e96/6c3/181/639/dfc/96/poster/poster_01.jpg,https://prog-public-ht.project1content.com/1ee/c63/ae4/c63/450/e96/6c3/181/639/dfc/96/mediabook/mediabook_320p.mp4
138,4658551,Kagney Gets Ready For Cock,"Kagney Linn Karter,","Aug 7, 2022",https://www.brazzers.com/video/4658551/kagney-gets-ready-for-cock,https://media-public-hw.project1content.com/m=eyzaevFb/f6b/bc9/139/8c9/41e/8b1/f08/904/628/61a/f9/poster/poster_01.jpg,https://prog-public-ht.project1content.com/f6b/bc9/139/8c9/41e/8b1/f08/904/628/61a/f9/mediabook/mediabook_320p.mp4
139,4658991,My GF's Hot Mom Does Anal!,"Nina Kayy, Mila Monet","Aug 6, 2022",https://www.brazzers.com/video/4658991/my-g-fs-hot-mom-does-anal,https://media-public-hw.project1content.com/m=eyzaevFb/dc6/99f/eba/484/432/aa1/300/ece/6ca/3fd/2a/poster/poster_01.jpg,https://prog-public-ht.project1content.com/dc6/99f/eba/484/432/aa1/300/ece/6ca/3fd/2a/mediabook/mediabook_320p.mp4
140,4658931,Curious Besties Raunchy Resort,"Brooklyn Gray,","Aug 5, 2022",https://www.brazzers.com/video/4658931/curious-besties-raunchy-resort,https://media-public-hw.project1content.com/m=eyzaevFb/0f9/512/f6a/1ac/4f2/c85/921/f0d/730/03c/9a/poster/poster_01.jpg,https://prog-public-ht.project1content.com/0f9/512/f6a/1ac/4f2/c85/921/f0d/730/03c/9a/mediabook/mediabook_320p.mp4
141,4658361,Frenemies Who Fuck,"Paige Owens,","Aug 5, 2022",https://www.brazzers.com/video/4658361/frenemies-who-fuck,https://media-public-hw.project1content.com/m=eyzaevFb/cfb/376/8c1/a52/4d4/683/ff0/d1a/12c/a89/cc/poster/poster_01.jpg,https://prog-public-ht.project1content.com/cfb/376/8c1/a52/4d4/683/ff0/d1a/12c/a89/cc/mediabook/mediabook_320p.mp4
142,4658341,Underwater Handjob,"Leila Lewis,","Aug 4, 2022",https://www.brazzers.com/video/4658341/underwater-handjob,https://media-public-hw.project1content.com/m=eyzaevFb/48e/1da/d81/511/4cb/6a7/7ae/fa9/953/346/75/poster/poster_01.jpg,https://prog-public-ht.project1content.com/48e/1da/d81/511/4cb/6a7/7ae/fa9/953/346/75/mediabook/mediabook_320p.mp4
143,4659201,Milk Tank Mixup,"SlimThick Vic,","Aug 4, 2022",https://www.brazzers.com/video/4659201/milk-tank-mixup,https://media-public-hw.project1content.com/m=eyzaevFb/f31/aa8/69a/e20/4c8/d83/714/c2e/410/511/20/poster/poster_01.jpg,https://prog-public-ht.project1content.com/f31/aa8/69a/e20/4c8/d83/714/c2e/410/511/20/mediabook/mediabook_320p.mp4
144,4658501,"Anal With The Sneaky, Horny Wife","Katalina Kyle,","Aug 3, 2022",https://www.brazzers.com/video/4658501/anal-with-the-sneaky-horny-wife,https://media-public-ht.project1content.com/m=eyzaevFb/628/157/680/e70/443/6af/ac1/d9d/ce9/4f9/7c/poster/poster_01.jpg,https://prog-public-ht.project1content.com/628/157/680/e70/443/6af/ac1/d9d/ce9/4f9/7c/mediabook/mediabook_320p.mp4
145,4658401,Toilet-Stuck Slut Gets Double Dicked,"Lily Starfire,","Aug 3, 2022",https://www.brazzers.com/video/4658401/toilet-stuck-slut-gets-double-dicked,https://media-public-ht.project1content.com/m=eyzaevFb/db8/38f/a75/ff8/465/881/775/3b3/96b/db2/a5/poster/poster_01.jpg,https://prog-public-ht.project1content.com/db8/38f/a75/ff8/465/881/775/3b3/96b/db2/a5/mediabook/mediabook_320p.mp4
146,4658841,Filling All Of Armani's Flexible Holes,"Armani Black,","Aug 2, 2022",https://www.brazzers.com/video/4658841/filling-all-of-armanis-flexible-holes,https://media-public-ht.project1content.com/m=eyzaevFb/e83/802/15c/633/4e4/d97/7b4/587/c17/89d/56/poster/poster_01.jpg,https://prog-public-ht.project1content.com/e83/802/15c/633/4e4/d97/7b4/587/c17/89d/56/mediabook/mediabook_320p.mp4
147,4658891,Spying On Roomie's GF With XXX-Ray Glasses,"Amber Alena,","Aug 2, 2022",https://www.brazzers.com/video/4658891/spying-on-roomies-gf-with-xxx-ray-glasses,https://media-public-ht.project1content.com/m=eyzaevFb/608/4f8/869/34d/499/1be/e40/d0d/3f6/384/a3/poster/poster_01.jpg,https://prog-public-ht.project1content.com/608/4f8/869/34d/499/1be/e40/d0d/3f6/384/a3/mediabook/mediabook_320p.mp4
148,4658871,Stacked In Stockings,"Julie Cash, Keiran Lee","Aug 1, 2022",https://www.brazzers.com/video/4658871/stacked-in-stockings,https://media-public-ht.project1content.com/m=eyzaevFb/ce9/23e/55d/520/40e/5aa/3cd/bf7/ddd/556/89/poster/poster_01.jpg,https://prog-public-ht.project1content.com/ce9/23e/55d/520/40e/5aa/3cd/bf7/ddd/556/89/mediabook/mediabook_320p.mp4
149,4658601,Condom Suckin' Tongue Lickin' Dirty MILF Threesome,"Alina Lopez,","Aug 1, 2022",https://www.brazzers.com/video/4658601/condom-suckin-tongue-lickin-dirty-milf-threesome,https://media-public-ht.project1content.com/m=eyzaevFb/f62/8a4/71c/060/476/a86/bc7/88a/15f/415/15/poster/poster_01.jpg,https://prog-public-ht.project1content.com/f62/8a4/71c/060/476/a86/bc7/88a/15f/415/15/mediabook/mediabook_320p.mp4
150,4658491,The Surrogate,"Kay Carter, Robby Echo","Jul 31, 2022",https://www.brazzers.com/video/4658491/the-surrogate,https://media-public-ht.project1content.com/m=eyzaevFb/a1c/7ba/f6b/4b7/4ab/3ad/739/d2e/271/c3c/00/poster/poster_01.jpg,https://prog-public-ht.project1content.com/a1c/7ba/f6b/4b7/4ab/3ad/739/d2e/271/c3c/00/mediabook/mediabook_320p.mp4
151,4658471,Virtual Fuckfest,"Mackenzie Page,","Jul 30, 2022",https://www.brazzers.com/video/4658471/virtual-fuckfest,https://media-public-ht.project1content.com/m=eyzaevFb/09f/593/f21/d5d/472/39e/d4b/99e/543/153/3c/poster/poster_01.jpg,https://prog-public-ht.project1content.com/09f/593/f21/d5d/472/39e/d4b/99e/543/153/3c/mediabook/mediabook_320p.mp4
152,4657761,Cheeky Lesbians Steal Roommate's Toy For Ass Play,"Jessica Ryan,","Jul 29, 2022",https://www.brazzers.com/video/4657761/cheeky-lesbians-steal-roommates-toy-for-ass-play,https://media-public-ht.project1content.com/m=eyzaevFb/301/6cd/5d5/2d3/471/886/0bd/8c2/ff6/ccf/c5/poster/poster_01.jpg,
153,4655961,Big Natural Babe Gets The Double Dickdown She Thirsts For,"Chloe Surreal,","Jul 29, 2022",https://www.brazzers.com/video/4655961/big-natural-babe-gets-the-double-dickdown-she-thirsts-for,https://media-public-ht.project1content.com/m=eyzaevFb/ae0/6a9/a9a/6d7/43b/aab/cc8/adb/7d2/ef9/85/poster/poster_01.jpg,
154,4657461,The Deepest Fuck,"Dante Colle,","Jul 28, 2022",https://www.brazzers.com/video/4657461/the-deepest-fuck,https://media-public-ht.project1content.com/m=eyzaevFb/eb0/7b9/400/7e2/479/5a6/eaf/0d0/bbf/3ef/f0/poster/poster_01.jpg,
155,4655981,Debauchery at the Dinner Party,"Jenna Starr,","Jul 28, 2022",https://www.brazzers.com/video/4655981/debauchery-at-the-dinner-party,https://media-public-ht.project1content.com/m=eyzaevFb/019/595/844/091/432/4af/5c4/4db/a19/860/6f/poster/poster_01.jpg,
156,4655851,Sneaky Shoe Seduction,"Yiming Curiosity,","Jul 27, 2022",https://www.brazzers.com/video/4655851/sneaky-shoe-seduction,https://media-public-ht.project1content.com/m=eyzaevFb/e84/ea4/416/013/465/8a7/4bc/cde/082/939/0d/poster/poster_01.jpg,https://prog-public-ht.project1content.com/e84/ea4/416/013/465/8a7/4bc/cde/082/939/0d/mediabook/mediabook_320p.mp4
157,4657621,Let Me Smell Your Dick!,"Lila Lovely, Dani Valentina","Jul 27, 2022",https://www.brazzers.com/video/4657621/let-me-smell-your-dick,https://media-public-ht.project1content.com/m=eyzaevFb/dfc/bb9/f97/8bd/449/7a8/fbc/bd2/818/469/0d/poster/poster_01.jpg,https://prog-public-ht.project1content.com/dfc/bb9/f97/8bd/449/7a8/fbc/bd2/818/469/0d/mediabook/mediabook_320p.mp4
158,4657431,MILF Gets Railed By Cocky Mover,"Robbin Banx,","Jul 26, 2022",https://www.brazzers.com/video/4657431/milf-gets-railed-by-cocky-mover,https://media-public-ht.project1content.com/m=eyzaevFb/393/006/c05/f2a/40f/a9a/1d7/b9f/d1e/48c/91/poster/poster_01.jpg,https://prog-public-ht.project1content.com/393/006/c05/f2a/40f/a9a/1d7/b9f/d1e/48c/91/mediabook/mediabook_320p.mp4
159,4656011,Party Mates,"Mina Von D,","Jul 26, 2022",https://www.brazzers.com/video/4656011/party-mates,https://media-public-ht.project1content.com/m=eyzaevFb/8b9/ced/962/669/485/2a4/a06/66d/42e/ed3/c9/poster/poster_01.jpg,https://prog-public-ht.project1content.com/8b9/ced/962/669/485/2a4/a06/66d/42e/ed3/c9/mediabook/mediabook_320p.mp4
160,4657701,In a Bind,"Savannah Bond,","Jul 25, 2022",https://www.brazzers.com/video/4657701/in-a-bind,https://media-public-ht.project1content.com/m=eyzaevFb/a7d/b32/c56/a24/465/bba/dd4/af3/6e4/8e2/f6/poster/poster_01.jpg,https://prog-public-ht.project1content.com/a7d/b32/c56/a24/465/bba/dd4/af3/6e4/8e2/f6/mediabook/mediabook_320p.mp4
161,4656031,My GF's Roommate is THICC AF!,"Simone Richards,","Jul 25, 2022",https://www.brazzers.com/video/4656031/my-g-fs-roommate-is-thicc-af,https://media-public-ht.project1content.com/m=eyzaevFb/07a/d6f/615/d19/4a1/cbb/3a6/0f3/1ab/79b/01/poster/poster_01.jpg,https://prog-public-ht.project1content.com/07a/d6f/615/d19/4a1/cbb/3a6/0f3/1ab/79b/01/mediabook/mediabook_320p.mp4
162,4657311,Twisted Scissors,"Desiree Dulce,","Jul 24, 2022",https://www.brazzers.com/video/4657311/twisted-scissors,https://media-public-ht.project1content.com/m=eyzaevFb/706/515/037/a1c/4e2/186/f5c/602/fc2/0b2/87/poster/poster_01.jpg,https://prog-public-ht.project1content.com/706/515/037/a1c/4e2/186/f5c/602/fc2/0b2/87/mediabook/mediabook_320p.mp4
163,4657341,Don't Touch Her 9,"Aften Opal, Jazmin Luv","Jul 24, 2022",https://www.brazzers.com/video/4657341/dont-touch-her-9,https://media-public-ht.project1content.com/m=eyzaevFb/e6e/368/d11/fa9/497/0bd/c38/aee/92f/ba0/85/poster/poster_01.jpg,https://prog-public-ht.project1content.com/e6e/368/d11/fa9/497/0bd/c38/aee/92f/ba0/85/mediabook/mediabook_320p.mp4
164,4654531,Big Titty Tutorial,"Jordyn Falls,","Jul 23, 2022",https://www.brazzers.com/video/4654531/big-titty-tutorial,https://media-public-ht.project1content.com/m=eyzaevFb/d70/746/598/26c/494/b8a/00e/81c/b60/aa3/13/poster/poster_01.jpg,https://prog-public-ht.project1content.com/d70/746/598/26c/494/b8a/00e/81c/b60/aa3/13/mediabook/mediabook_320p.mp4
165,4655591,Fast Times At The Sloppy Salon,"Cherie Deville,","Jul 23, 2022",https://www.brazzers.com/video/4655591/fast-times-at-the-sloppy-salon,https://media-public-ht.project1content.com/m=eyzaevFb/9c4/2ed/713/e92/4b8/1bc/b44/6d6/836/40d/d5/poster/poster_01.jpg,https://prog-public-ht.project1content.com/9c4/2ed/713/e92/4b8/1bc/b44/6d6/836/40d/d5/mediabook/mediabook_320p.mp4
166,4654511,Ass Fuck The Walls Down,"Josy Black,","Jul 22, 2022",https://www.brazzers.com/video/4654511/ass-fuck-the-walls-down,https://media-public-ht.project1content.com/m=eyzaevFb/369/688/f9d/92b/451/aa0/fa1/fff/27b/44f/b2/poster/poster_01.jpg,https://prog-public-ht.project1content.com/369/688/f9d/92b/451/aa0/fa1/fff/27b/44f/b2/mediabook/mediabook_320p.mp4
167,4655641,Wishful Inking,"Mia Molotov,","Jul 22, 2022",https://www.brazzers.com/video/4655641/wishful-inking,https://media-public-ht.project1content.com/m=eyzaevFb/e53/cc7/11c/591/43a/68b/f3a/a82/c67/b57/96/poster/poster_01.jpg,https://prog-public-ht.project1content.com/e53/cc7/11c/591/43a/68b/f3a/a82/c67/b57/96/mediabook/mediabook_320p.mp4
168,4655051,Horny MILF Attracted To Couple Fucking,"Mimi Curvaceous,","Jul 21, 2022",https://www.brazzers.com/video/4655051/horny-milf-attracted-to-couple-fucking,https://media-public-ht.project1content.com/m=eyzaevFb/f78/422/e66/f8a/436/8b9/dbe/bff/95e/098/70/poster/poster_01.jpg,https://prog-public-ht.project1content.com/f78/422/e66/f8a/436/8b9/dbe/bff/95e/098/70/mediabook/mediabook_320p.mp4
169,4655141,Work Me Out,"Sarai Minx, JMac","Jul 21, 2022",https://www.brazzers.com/video/4655141/work-me-out,https://media-public-ht.project1content.com/m=eyzaevFb/e91/6b4/e14/b05/479/faf/234/d74/76f/50b/b7/poster/poster_01.jpg,https://prog-public-ht.project1content.com/e91/6b4/e14/b05/479/faf/234/d74/76f/50b/b7/mediabook/mediabook_320p.mp4
170,4654991,My Big Titty Goth Roommate,"Jessica Starling,","Jul 20, 2022",https://www.brazzers.com/video/4654991/my-big-titty-goth-roommate,https://media-public-ht.project1content.com/m=eyzaevFb/e2a/6f3/dc4/ee3/438/f87/060/a42/bde/ebc/45/poster/poster_01.jpg,https://prog-public-ht.project1content.com/e2a/6f3/dc4/ee3/438/f87/060/a42/bde/ebc/45/mediabook/mediabook_320p.mp4
171,4655071,Sexually Rated Programming: Blowbang,"Angela White,","Jul 20, 2022",https://www.brazzers.com/video/4655071/sexually-rated-programming-blowbang,https://media-public-ht.project1content.com/m=eyzaevFb/c47/4e8/6aa/d0e/4aa/ab0/1d2/a26/9b2/c22/97/poster/poster_01.jpg,https://prog-public-ht.project1content.com/c47/4e8/6aa/d0e/4aa/ab0/1d2/a26/9b2/c22/97/mediabook/mediabook_320p.mp4
172,4654901,Get Your Shine On,"Katalina Kyle,","Jul 19, 2022",https://www.brazzers.com/video/4654901/get-your-shine-on,https://media-public-ht.project1content.com/m=eyzaevFb/129/801/a78/7e6/46d/898/e0f/2be/a22/e71/6d/poster/poster_01.jpg,https://prog-public-ht.project1content.com/129/801/a78/7e6/46d/898/e0f/2be/a22/e71/6d/mediabook/mediabook_320p.mp4
173,4654961,Copycat MILF Steals New Stepdaughter's BF,"Kiara Cole, Charli Phoenix","Jul 19, 2022",https://www.brazzers.com/video/4654961/copycat-milf-steals-new-stepdaughters-bf,https://media-public-ht.project1content.com/m=eyzaevFb/e04/7f3/c51/f80/482/d88/f95/a8b/dd6/379/15/poster/poster_01.jpg,https://prog-public-ht.project1content.com/e04/7f3/c51/f80/482/d88/f95/a8b/dd6/379/15/mediabook/mediabook_320p.mp4
174,4654931,Brazzers Meets Elsie,"Elsie, Xander Corvus","Jul 18, 2022",https://www.brazzers.com/video/4654931/brazzers-meets-elsie,https://media-public-ht.project1content.com/m=eyzaevFb/709/74d/787/7e8/43e/2aa/4e4/b88/620/d98/cc/poster/poster_01.jpg,https://prog-public-ht.project1content.com/709/74d/787/7e8/43e/2aa/4e4/b88/620/d98/cc/mediabook/mediabook_320p.mp4
175,4654281,The AV Club,"Natasha Nice,","Jul 18, 2022",https://www.brazzers.com/video/4654281/the-av-club,https://media-public-ht.project1content.com/m=eyzaevFb/cb9/57d/77e/406/40a/d97/8e0/af8/1fa/f41/aa/poster/poster_01.jpg,https://prog-public-ht.project1content.com/cb9/57d/77e/406/40a/d97/8e0/af8/1fa/f41/aa/mediabook/mediabook_320p.mp4
176,4653891,Gizelle & Kendra's Oily Rubdown,"Kendra Sunderland,","Jul 17, 2022",https://www.brazzers.com/video/4653891/gizelle-kendras-oily-rubdown,https://media-public-ht.project1content.com/m=eyzaevFb/f4c/da5/903/0ab/4f3/48a/6e3/ffb/2d0/e36/f9/poster/poster_01.jpg,
177,4654651,Balls Deep In The MILF's Bubble Bath,"Isabelle Deltore,","Jul 17, 2022",https://www.brazzers.com/video/4654651/balls-deep-in-the-mil-fs-bubble-bath,https://media-public-ht.project1content.com/m=eyzaevFb/3b7/c88/759/9f4/462/7b4/816/d9c/ebc/7a9/ef/poster/poster_01.jpg,
178,4653911,Green With Frenzy,"Alexis Fawx,","Jul 16, 2022",https://www.brazzers.com/video/4653911/green-with-frenzy,https://media-public-ht.project1content.com/m=eyzaevFb/76c/11d/1de/e12/43e/a85/b43/45f/789/2fd/97/poster/poster_01.jpg,
179,4653771,The Anal Intern,"Alexis Tae, Dante Colle","Jul 16, 2022",https://www.brazzers.com/video/4653771/the-anal-intern,https://media-public-ht.project1content.com/m=eyzaevFb/aa7/64c/b4d/2ac/403/c97/975/24b/1bd/16f/38/poster/poster_01.jpg,
180,4653941,ZZ Guide to Perverted Massages,"Mona Azar, Isiah Maxwell","Jul 15, 2022",https://www.brazzers.com/video/4653941/zz-guide-to-perverted-massages,https://media-public-ht.project1content.com/m=eyzaevFb/88a/e7e/d3b/f77/4ed/097/e40/dd5/993/c65/74/poster/poster_01.jpg,https://prog-public-ht.project1content.com/88a/e7e/d3b/f77/4ed/097/e40/dd5/993/c65/74/mediabook/mediabook_320p.mp4
181,4652651,My Friend's Mom's Ass,"Nadia White,","Jul 15, 2022",https://www.brazzers.com/video/4652651/my-friends-moms-ass,https://media-public-ht.project1content.com/m=eyzaevFb/a09/299/4bb/5fd/4d3/187/19c/5d1/626/f67/ae/poster/poster_01.jpg,https://prog-public-ht.project1content.com/a09/299/4bb/5fd/4d3/187/19c/5d1/626/f67/ae/mediabook/mediabook_320p.mp4
182,4654621,Choking for my Dad's Best Friend,"Geishakyd, Danny D","Jul 14, 2022",https://www.brazzers.com/video/4654621/choking-for-my-dads-best-friend,https://media-public-ht.project1content.com/m=eyzaevFb/65f/e0c/d27/3e3/456/9a7/a91/eb2/1a8/17a/19/poster/poster_01.jpg,https://prog-public-ht.project1content.com/65f/e0c/d27/3e3/456/9a7/a91/eb2/1a8/17a/19/mediabook/mediabook_320p.mp4
183,4653741,Glasses Girls Go For It,"Izzy Lush, Spencer Bradley","Jul 14, 2022",https://www.brazzers.com/video/4653741/glasses-girls-go-for-it,https://media-public-ht.project1content.com/m=eyzaevFb/b30/d3b/871/da1/42f/5a1/bee/8be/008/78c/4b/poster/poster_01.jpg,https://prog-public-ht.project1content.com/b30/d3b/871/da1/42f/5a1/bee/8be/008/78c/4b/mediabook/mediabook_320p.mp4
184,4652791,The Bride Who Fucked Them All Part 1,"Rita Daniels,","Jul 13, 2022",https://www.brazzers.com/video/4652791/the-bride-who-fucked-them-all-part-1,https://media-public-ht.project1content.com/m=eyzaevFb/4c8/2e6/0be/8e8/443/190/773/e9c/276/9ef/cb/poster/poster_01.jpg,https://prog-public-ht.project1content.com/4c8/2e6/0be/8e8/443/190/773/e9c/276/9ef/cb/mediabook/mediabook_320p.mp4
185,4652841,The Bride Who Fucked Them All Part 2,"Rita Daniels,","Jul 13, 2022",https://www.brazzers.com/video/4652841/the-bride-who-fucked-them-all-part-2,https://media-public-ht.project1content.com/m=eyzaevFb/647/1b4/27e/106/477/db9/743/6d2/c89/e21/ad/poster/poster_01.jpg,https://prog-public-ht.project1content.com/647/1b4/27e/106/477/db9/743/6d2/c89/e21/ad/mediabook/mediabook_320p.mp4
186,4652711,Sending Good Vibes,"Jessa Rhodes,","Jul 12, 2022",https://www.brazzers.com/video/4652711/sending-good-vibes,https://media-public-ht.project1content.com/m=eyzaevFb/5d9/903/477/770/478/ea1/d94/827/72b/e98/8d/poster/poster_01.jpg,https://prog-public-ht.project1content.com/5d9/903/477/770/478/ea1/d94/827/72b/e98/8d/mediabook/mediabook_320p.mp4
187,4653821,Servicing My Bossy New Stepsister,"Erin Everheart,","Jul 12, 2022",https://www.brazzers.com/video/4653821/servicing-my-bossy-new-stepsister,https://media-public-ht.project1content.com/m=eyzaevFb/b0b/2a1/316/c06/4ce/691/979/cdd/779/8bf/07/poster/poster_01.jpg,https://prog-public-ht.project1content.com/b0b/2a1/316/c06/4ce/691/979/cdd/779/8bf/07/mediabook/mediabook_320p.mp4
188,4654381,Sneaky Anal Massage,"Jennifer Exxotic,","Jul 11, 2022",https://www.brazzers.com/video/4654381/sneaky-anal-massage,https://media-public-ht.project1content.com/m=eyzaevFb/021/448/d8b/3a4/4b2/bb4/eaa/c69/2a2/bc3/ef/poster/poster_01.jpg,https://prog-public-ht.project1content.com/021/448/d8b/3a4/4b2/bb4/eaa/c69/2a2/bc3/ef/mediabook/mediabook_320p.mp4
189,4652811,VR MILF DTF,"Lacey Bender,","Jul 11, 2022",https://www.brazzers.com/video/4652811/vr-milf-dtf,https://media-public-ht.project1content.com/m=eyzaevFb/d83/3ee/2cd/f06/418/ea6/639/da3/a71/82f/a2/poster/poster_01.jpg,https://prog-public-ht.project1content.com/d83/3ee/2cd/f06/418/ea6/639/da3/a71/82f/a2/mediabook/mediabook_320p.mp4
190,4652741,"Watch This Trick, Inflatable Tits!","Joslyn James,","Jul 10, 2022",https://www.brazzers.com/video/4652741/watch-this-trick-inflatable-tits,https://media-public-ht.project1content.com/m=eyzaevFb/715/afc/700/bab/4cd/3a7/d33/782/4ae/5a7/06/poster/poster_01.jpg,https://prog-public-ht.project1content.com/715/afc/700/bab/4cd/3a7/d33/782/4ae/5a7/06/mediabook/mediabook_320p.mp4
191,4653861,The Mating Game: Part 2,"Luna Star, Ebony Mystique","Jul 10, 2022",https://www.brazzers.com/video/4653861/the-mating-game-part-2,https://media-public-ht.project1content.com/m=eyzaevFb/b45/739/268/527/469/58e/6ac/95f/40a/7af/b0/poster/poster_01.jpg,https://prog-public-ht.project1content.com/b45/739/268/527/469/58e/6ac/95f/40a/7af/b0/mediabook/mediabook_320p.mp4
192,4653801,The Mating Game: Part 1,"Cherie Deville,","Jul 9, 2022",https://www.brazzers.com/video/4653801/the-mating-game-part-1,https://media-public-ht.project1content.com/m=eyzaevFb/c19/011/e66/f93/41c/cb3/4db/943/27a/03e/2f/poster/poster_01.jpg,https://prog-public-ht.project1content.com/c19/011/e66/f93/41c/cb3/4db/943/27a/03e/2f/mediabook/mediabook_320p.mp4
193,4652671,Catch Some ZZ's,"Niykee Cruz,","Jul 9, 2022",https://www.brazzers.com/video/4652671/catch-some-z-zs,https://media-public-ht.project1content.com/m=eyzaevFb/307/776/12e/ea1/41b/091/b62/0f3/23e/14f/b6/poster/poster_01.jpg,https://prog-public-ht.project1content.com/307/776/12e/ea1/41b/091/b62/0f3/23e/14f/b6/mediabook/mediabook_320p.mp4
194,4652421,Harnessing Rachel,"Rachel Starr,","Jul 8, 2022",https://www.brazzers.com/video/4652421/harnessing-rachel,https://media-public-ht.project1content.com/m=eyzaevFb/c8d/ad8/d51/f68/4da/292/c84/1f3/7e6/6c5/b7/poster/poster_01.jpg,https://prog-public-ht.project1content.com/c8d/ad8/d51/f68/4da/292/c84/1f3/7e6/6c5/b7/mediabook/mediabook_320p.mp4
195,4651211,Lunch with The Steps,"Lexi Luna, Leana Lovings","Jul 8, 2022",https://www.brazzers.com/video/4651211/lunch-with-the-steps,https://media-public-ht.project1content.com/m=eyzaevFb/f11/d99/7cc/327/4bb/188/e6d/506/a6b/c02/01/poster/poster_01.jpg,https://prog-public-ht.project1content.com/f11/d99/7cc/327/4bb/188/e6d/506/a6b/c02/01/mediabook/mediabook_320p.mp4
196,4652401,Suzy's Deep Massage,"Suzy Marie,","Jul 7, 2022",https://www.brazzers.com/video/4652401/suzys-deep-massage,https://media-public-ht.project1content.com/m=eyzaevFb/017/131/722/aba/4d5/49f/595/849/125/053/e3/poster/poster_01.jpg,https://prog-public-ht.project1content.com/017/131/722/aba/4d5/49f/595/849/125/053/e3/mediabook/mediabook_320p.mp4
197,4652311,Prankster Gets a Pussy Sandwich,"Daya Knight,","Jul 7, 2022",https://www.brazzers.com/video/4652311/prankster-gets-a-pussy-sandwich,https://media-public-ht.project1content.com/m=eyzaevFb/c0a/bab/847/44c/4b9/3a4/bf5/358/8ca/4a4/fc/poster/poster_01.jpg,https://prog-public-ht.project1content.com/c0a/bab/847/44c/4b9/3a4/bf5/358/8ca/4a4/fc/mediabook/mediabook_320p.mp4
198,4652361,"Fix It Or Fuck Me, Nerd","Mina Von D,","Jul 6, 2022",https://www.brazzers.com/video/4652361/fix-it-or-fuck-me-nerd,https://media-public-ht.project1content.com/m=eyzaevFb/43e/c29/dde/1dc/416/0b2/9c8/d4f/a88/a74/ef/poster/poster_01.jpg,https://prog-public-ht.project1content.com/43e/c29/dde/1dc/416/0b2/9c8/d4f/a88/a74/ef/mediabook/mediabook_320p.mp4
199,4652321,Abinator 3000,"Abigaiil Morris,","Jul 6, 2022",https://www.brazzers.com/video/4652321/abinator-3000,https://media-public-ht.project1content.com/m=eyzaevFb/77b/dde/d67/408/488/480/24a/ce5/84e/bd6/e3/poster/poster_01.jpg,https://prog-public-ht.project1content.com/77b/dde/d67/408/488/480/24a/ce5/84e/bd6/e3/mediabook/mediabook_320p.mp4
200,4652491,Park And Anal Play,"Nicole Aria, Keiran Lee","Jul 5, 2022",https://www.brazzers.com/video/4652491/park-and-anal-play,https://media-public-ht.project1content.com/m=eyzaevFb/29c/66e/545/883/413/3ab/409/fb8/6ec/ee1/83/poster/poster_01.jpg,
201,4651041,Living With Influencers,"Angela White,","Jul 5, 2022",https://www.brazzers.com/video/4651041/living-with-influencers,https://media-public-ht.project1content.com/m=eyzaevFb/8f4/05c/a8b/9c7/4d1/999/ac2/f60/62e/41b/19/poster/poster_01.jpg,
202,4651021,Cheating Gamer Distracted by Huge Cock,"Kali Roses, Dwayne Foxxx","Jul 4, 2022",https://www.brazzers.com/video/4651021/cheating-gamer-distracted-by-huge-cock,https://media-public-ht.project1content.com/m=eyzaevFb/6bd/0ef/edb/d6c/46f/9af/fc7/ddd/7f7/f8a/8f/poster/poster_01.jpg,
203,4651061,Big Naturals Get Soaked,"Diana Grace,","Jul 4, 2022",https://www.brazzers.com/video/4651061/big-naturals-get-soaked,https://media-public-ht.project1content.com/m=eyzaevFb/ee9/dd5/3f2/54b/424/ab6/e83/cdb/652/ba9/65/poster/poster_01.jpg,
204,4650941,Fucked For The Last Time,"Phoenix Marie,","Jul 3, 2022",https://www.brazzers.com/video/4650941/fucked-for-the-last-time,https://media-public-ht.project1content.com/m=eyzaevFb/1c7/498/805/bb9/48b/c9a/ce2/863/246/6da/52/poster/poster_01.jpg,https://prog-public-ht.project1content.com/1c7/498/805/bb9/48b/c9a/ce2/863/246/6da/52/mediabook/mediabook_320p.mp4
205,4650841,"Outgoing Call, Incoming Cock","Asteria Diamond,","Jul 3, 2022",https://www.brazzers.com/video/4650841/outgoing-call-incoming-cock,https://media-public-ht.project1content.com/m=eyzaevFb/03c/228/676/7c4/476/1a7/7a5/f1c/2ba/6f9/23/poster/poster_01.jpg,https://prog-public-ht.project1content.com/03c/228/676/7c4/476/1a7/7a5/f1c/2ba/6f9/23/mediabook/mediabook_320p.mp4
206,4650621,Fucking Tension,"Linzee Ryder,","Jul 2, 2022",https://www.brazzers.com/video/4650621/fucking-tension,https://media-public-ht.project1content.com/m=eyzaevFb/b4b/496/a54/375/4c5/5af/a69/b1d/ec5/1f4/2d/poster/poster_01.jpg,https://prog-public-ht.project1content.com/b4b/496/a54/375/4c5/5af/a69/b1d/ec5/1f4/2d/mediabook/mediabook_320p.mp4
207,4650881,Oiled Minx Named Lynx,"Angie Lynx,","Jul 2, 2022",https://www.brazzers.com/video/4650881/oiled-minx-named-lynx,https://media-public-ht.project1content.com/m=eyzaevFb/f49/1e7/fa8/961/4c0/bbf/470/cfd/142/674/e2/poster/poster_01.jpg,https://prog-public-ht.project1content.com/f49/1e7/fa8/961/4c0/bbf/470/cfd/142/674/e2/mediabook/mediabook_320p.mp4
208,4650711,Spread Her Wide,"Bailey Brooke,","Jul 1, 2022",https://www.brazzers.com/video/4650711/spread-her-wide,https://media-public-ht.project1content.com/m=eyzaevFb/109/4f0/b4a/101/43d/eb6/972/dee/f9f/539/b2/poster/poster_01.jpg,https://prog-public-ht.project1content.com/109/4f0/b4a/101/43d/eb6/972/dee/f9f/539/b2/mediabook/mediabook_320p.mp4
209,4650641,Twinz 4 The Win,"Jasmine Wilde,","Jul 1, 2022",https://www.brazzers.com/video/4650641/twinz-4-the-win,https://media-public-ht.project1content.com/m=eyzaevFb/780/993/28d/a79/4b0/c93/17b/974/ac5/a8b/3d/poster/poster_01.jpg,https://prog-public-ht.project1content.com/780/993/28d/a79/4b0/c93/17b/974/ac5/a8b/3d/mediabook/mediabook_320p.mp4
210,4650671,Life Of A Bimbo,"Savannah Bond,","Jun 30, 2022",https://www.brazzers.com/video/4650671/life-of-a-bimbo,https://media-public-ht.project1content.com/m=eyzaevFb/7f1/c44/70c/ea7/479/58e/d13/f2e/7f8/57d/2a/poster/poster_01.jpg,https://prog-public-ht.project1content.com/7f1/c44/70c/ea7/479/58e/d13/f2e/7f8/57d/2a/mediabook/mediabook_320p.mp4
211,4650441,MILF Librarian is Secretly Addicted to Eating Cum,"Blake Blossom,","Jun 30, 2022",https://www.brazzers.com/video/4650441/milf-librarian-is-secretly-addicted-to-eating-cum,https://media-public-ht.project1content.com/m=eyzaevFb/f23/d57/8d2/2e0/4a5/388/c93/55b/231/c8e/42/poster/poster_01.jpg,https://prog-public-ht.project1content.com/f23/d57/8d2/2e0/4a5/388/c93/55b/231/c8e/42/mediabook/mediabook_320p.mp4
212,4649931,MILF's Party Streakers Threesome,"Rachael Cavalli,","Jun 29, 2022",https://www.brazzers.com/video/4649931/mil-fs-party-streakers-threesome,https://media-public-ht.project1content.com/m=eyzaevFb/28e/91b/6ca/ce9/485/0b1/483/534/9d5/7e3/7f/poster/poster_01.jpg,https://prog-public-ht.project1content.com/28e/91b/6ca/ce9/485/0b1/483/534/9d5/7e3/7f/mediabook/mediabook_320p.mp4
213,4649861,"No Look, All Touch","Bridgette B,","Jun 29, 2022",https://www.brazzers.com/video/4649861/no-look-all-touch,https://media-public-ht.project1content.com/m=eyzaevFb/177/4e3/b0e/751/4b4/7b2/c9b/695/2ef/aba/d1/poster/poster_01.jpg,https://prog-public-ht.project1content.com/177/4e3/b0e/751/4b4/7b2/c9b/695/2ef/aba/d1/mediabook/mediabook_320p.mp4
214,4649851,Dick Riding Buttcamp,"Clea Gaultier,","Jun 28, 2022",https://www.brazzers.com/video/4649851/dick-riding-buttcamp,https://media-public-ht.project1content.com/m=eyzaevFb/fe3/5d2/3f1/e72/4e8/59e/b1e/b73/324/34f/dc/poster/poster_01.jpg,https://prog-public-ht.project1content.com/fe3/5d2/3f1/e72/4e8/59e/b1e/b73/324/34f/dc/mediabook/mediabook_320p.mp4
215,4649881,Nasty Old Bench Flasher Meets Thirsty Jogging Nymph,"Ebony Mystique,","Jun 28, 2022",https://www.brazzers.com/video/4649881/nasty-old-bench-flasher-meets-thirsty-jogging-nymph,https://media-public-ht.project1content.com/m=eyzaevFb/a26/764/a0d/42b/4c9/d96/cf5/459/580/60b/3b/poster/poster_01.jpg,https://prog-public-ht.project1content.com/a26/764/a0d/42b/4c9/d96/cf5/459/580/60b/3b/mediabook/mediabook_320p.mp4
216,4649831,Fit Fixation Fix,"Christina Savoy,","Jun 27, 2022",https://www.brazzers.com/video/4649831/fit-fixation-fix,https://media-public-hw.project1content.com/m=eyzaevFb/9b8/c67/4a8/fbc/42f/fbc/f84/f87/ce4/e95/df/poster/poster_01.jpg,https://prog-public-ht.project1content.com/9b8/c67/4a8/fbc/42f/fbc/f84/f87/ce4/e95/df/mediabook/mediabook_320p.mp4
217,4650421,"Squirt, Shout, Let It All Out!","Barbie Crystal,","Jun 27, 2022",https://www.brazzers.com/video/4650421/squirt-shout-let-it-all-out,https://media-public-hw.project1content.com/m=eyzaevFb/165/82e/11d/51c/474/a91/ce7/783/132/7f1/56/poster/poster_01.jpg,https://prog-public-ht.project1content.com/165/82e/11d/51c/474/a91/ce7/783/132/7f1/56/mediabook/mediabook_320p.mp4
218,4649651,Muff Diving At The Mechanics,"Emma Rose,","Jun 26, 2022",https://www.brazzers.com/video/4649651/muff-diving-at-the-mechanics,https://media-public-hw.project1content.com/m=eyzaevFb/093/700/a14/b6a/471/da6/86c/8dc/f41/866/ed/poster/poster_01.jpg,https://prog-public-ht.project1content.com/093/700/a14/b6a/471/da6/86c/8dc/f41/866/ed/mediabook/mediabook_320p.mp4
219,4649551,There's Plenty To Go Around!,"Kimmy Kimm ,","Jun 26, 2022",https://www.brazzers.com/video/4649551/theres-plenty-to-go-around,https://media-public-hw.project1content.com/m=eyzaevFb/746/363/4a2/304/482/5a8/d7d/1a8/5c4/53a/6a/poster/poster_01.jpg,https://prog-public-ht.project1content.com/746/363/4a2/304/482/5a8/d7d/1a8/5c4/53a/6a/mediabook/mediabook_320p.mp4
220,4649601,Single Horny Female,"Codi Vore, Danny D","Jun 25, 2022",https://www.brazzers.com/video/4649601/single-horny-female,https://media-public-hw.project1content.com/m=eyzaevFb/64d/ebf/d97/64b/41c/096/2cb/57d/e01/f45/a8/poster/poster_01.jpg,https://prog-public-ht.project1content.com/64d/ebf/d97/64b/41c/096/2cb/57d/e01/f45/a8/mediabook/mediabook_320p.mp4
221,4649571,Scissor Happy Slut Gets MILF Threesome,"Natasha Nice,","Jun 25, 2022",https://www.brazzers.com/video/4649571/scissor-happy-slut-gets-milf-threesome,https://media-public-hw.project1content.com/m=eyzaevFb/d4d/3c4/428/806/417/6b9/c50/8b2/92f/b46/66/poster/poster_01.jpg,https://prog-public-ht.project1content.com/d4d/3c4/428/806/417/6b9/c50/8b2/92f/b46/66/mediabook/mediabook_320p.mp4
222,4649771,Awakening Deville,"Cherie Deville,","Jun 24, 2022",https://www.brazzers.com/video/4649771/awakening-deville,https://media-public-hw.project1content.com/m=eyzaevFb/0d6/21b/cc9/043/4f4/985/ada/1c3/890/c9f/6e/poster/poster_01.jpg,https://prog-public-ht.project1content.com/0d6/21b/cc9/043/4f4/985/ada/1c3/890/c9f/6e/mediabook/mediabook_320p.mp4
223,4649521,Massaging Your Hubby's Cock,"Jayla Page, Jimmy Michaels","Jun 24, 2022",https://www.brazzers.com/video/4649521/massaging-your-hubbys-cock,https://media-public-hw.project1content.com/m=eyzaevFb/a7e/3dc/56d/30a/496/a87/b23/357/e65/926/2b/poster/poster_01.jpg,https://prog-public-ht.project1content.com/a7e/3dc/56d/30a/496/a87/b23/357/e65/926/2b/mediabook/mediabook_320p.mp4
224,4649231,Eye On Her Thigh Strap-On,"Lacey London,","Jun 23, 2022",https://www.brazzers.com/video/4649231/eye-on-her-thigh-strap-on,https://media-public-hw.project1content.com/m=eyzaevFb/5af/e85/5ba/388/4f4/5b3/878/d3d/e26/ee4/da/poster/poster_01.jpg,
225,4633091,Our Son's Girlfriend 2,"Jamie Michelle,","Jun 23, 2022",https://www.brazzers.com/video/4633091/our-sons-girlfriend-2,https://media-public-hw.project1content.com/m=eyzaevFb/134/5a2/407/7c0/4d2/683/36b/285/e64/f79/63/poster/poster_01.jpg,
226,4649271,Call of Booty,"Violet Starr,","Jun 22, 2022",https://www.brazzers.com/video/4649271/call-of-booty,https://media-public-hw.project1content.com/m=eyzaevFb/644/d2a/073/892/458/dbf/479/09f/11d/310/f2/poster/poster_01.jpg,
227,4649341,Dunkin' On The Neighborhood MILF & Lesbian's 1st Cock,"Rosalyn Sphinx,","Jun 22, 2022",https://www.brazzers.com/video/4649341/dunkin-on-the-neighborhood-milf-lesbians-1st-cock,https://media-public-hw.project1content.com/m=eyzaevFb/38d/212/ab6/ff1/460/8a2/70d/efb/82e/61c/2e/poster/poster_01.jpg,
228,4649201,This One Time at Band Camp,"Brittany Andrews,","Jun 21, 2022",https://www.brazzers.com/video/4649201/this-one-time-at-band-camp,https://media-public-hw.project1content.com/m=eyzaevFb/e54/532/de0/ec2/4f5/89e/caa/059/767/720/26/poster/poster_01.jpg,https://prog-public-ht.project1content.com/e54/532/de0/ec2/4f5/89e/caa/059/767/720/26/mediabook/mediabook_320p.mp4
229,4649351,Sucking Off The Salesman,"Skylar Snow,","Jun 21, 2022",https://www.brazzers.com/video/4649351/sucking-off-the-salesman,https://media-public-hw.project1content.com/m=eyzaevFb/e02/6d7/2ee/258/439/8a0/081/69b/334/6c8/19/poster/poster_01.jpg,https://prog-public-ht.project1content.com/e02/6d7/2ee/258/439/8a0/081/69b/334/6c8/19/mediabook/mediabook_320p.mp4
230,4649181,Inked,"Ava Austen,","Jun 20, 2022",https://www.brazzers.com/video/4649181/inked,https://media-public-hw.project1content.com/m=eyzaevFb/5b1/4e8/4ee/2a2/44e/1ae/a3c/3c7/483/d8b/de/poster/poster_01.jpg,https://prog-public-ht.project1content.com/5b1/4e8/4ee/2a2/44e/1ae/a3c/3c7/483/d8b/de/mediabook/mediabook_320p.mp4
231,4649261,Double Double Oil and Trouble,"Angel Youngs,","Jun 20, 2022",https://www.brazzers.com/video/4649261/double-double-oil-and-trouble,https://media-public-hw.project1content.com/m=eyzaevFb/a09/371/b87/9ae/4c0/aa1/346/dd8/772/e29/0a/poster/poster_01.jpg,https://prog-public-ht.project1content.com/a09/371/b87/9ae/4c0/aa1/346/dd8/772/e29/0a/mediabook/mediabook_320p.mp4
232,4649311,Trending So Hard RN,"Atlantis Deep,","Jun 19, 2022",https://www.brazzers.com/video/4649311/trending-so-hard-rn,https://media-public-hw.project1content.com/m=eyzaevFb/2be/2a6/99f/21a/48b/296/887/4c3/126/693/1a/poster/poster_01.jpg,https://prog-public-ht.project1content.com/2be/2a6/99f/21a/48b/296/887/4c3/126/693/1a/mediabook/mediabook_320p.mp4
233,4649141,Dominuru,"Luna Star, Angela White","Jun 19, 2022",https://www.brazzers.com/video/4649141/dominuru,https://media-public-hw.project1content.com/m=eyzaevFb/5b6/089/aae/a4f/497/b8c/b43/a78/32b/d97/c1/poster/poster_01.jpg,https://prog-public-ht.project1content.com/5b6/089/aae/a4f/497/b8c/b43/a78/32b/d97/c1/mediabook/mediabook_320p.mp4
234,4645201,Two Lusty Women,"Payton Preslee,","Jun 18, 2022",https://www.brazzers.com/video/4645201/two-lusty-women,https://media-public-hw.project1content.com/m=eyzaevFb/2cb/b0b/8e5/98e/45f/38e/f6f/235/85a/058/a9/poster/poster_01.jpg,https://prog-public-ht.project1content.com/2cb/b0b/8e5/98e/45f/38e/f6f/235/85a/058/a9/mediabook/mediabook_320p.mp4
235,4648461,Sinntillating Curves,"Blake Blossom,","Jun 18, 2022",https://www.brazzers.com/video/4648461/sinntillating-curves,https://media-public-hw.project1content.com/m=eyzaevFb/136/e63/bf7/9c8/4cb/788/4fd/ce2/dd5/d38/f5/poster/poster_01.jpg,https://prog-public-ht.project1content.com/136/e63/bf7/9c8/4cb/788/4fd/ce2/dd5/d38/f5/mediabook/mediabook_320p.mp4
236,4647331,"Sneaky Wife Craves Cock, Not Pie","Gogo Fukme,","Jun 17, 2022",https://www.brazzers.com/video/4647331/sneaky-wife-craves-cock-not-pie,https://media-public-hw.project1content.com/m=eyzaevFb/798/6e0/5a3/f41/458/4ad/2ae/a9c/7c8/d89/ed/poster/poster_01.jpg,https://prog-public-ht.project1content.com/798/6e0/5a3/f41/458/4ad/2ae/a9c/7c8/d89/ed/mediabook/mediabook_320p.mp4
237,4648371,Bone Cracking Fornication,"Lexi Luna, Mick Blue","Jun 17, 2022",https://www.brazzers.com/video/4648371/bone-cracking-fornication,https://media-public-hw.project1content.com/m=eyzaevFb/005/4fa/aee/074/4e0/781/4d2/8d0/52a/39c/6e/poster/poster_01.jpg,https://prog-public-ht.project1content.com/005/4fa/aee/074/4e0/781/4d2/8d0/52a/39c/6e/mediabook/mediabook_320p.mp4
238,4647491,The Key To Her Heart Is In Her Ass,"Karma Rx, Avery Jane","Jun 16, 2022",https://www.brazzers.com/video/4647491/the-key-to-her-heart-is-in-her-ass,https://media-public-hw.project1content.com/m=eyzaevFb/c95/0e8/fe9/a78/425/fac/095/7c0/11a/2a3/59/poster/poster_01.jpg,https://prog-public-ht.project1content.com/c95/0e8/fe9/a78/425/fac/095/7c0/11a/2a3/59/mediabook/mediabook_320p.mp4
239,4647591,Rubbing The Robber's Dick,"Lacey Bender,","Jun 16, 2022",https://www.brazzers.com/video/4647591/rubbing-the-robbers-dick,https://media-public-hw.project1content.com/m=eyzaevFb/99a/3d4/515/b93/405/283/dbc/c22/c63/1fa/23/poster/poster_01.jpg,https://prog-public-ht.project1content.com/99a/3d4/515/b93/405/283/dbc/c22/c63/1fa/23/mediabook/mediabook_320p.mp4
