,vol_num,url,cover_url
0,Batman Vol 1 201,https://dc.fandom.com/wiki/Batman_Vol_1_201,https://static.wikia.nocookie.net/marvel_dc/images/d/d3/Batman_201.jpg
1,Batman Vol 1 202,https://dc.fandom.com/wiki/Batman_Vol_1_202,https://static.wikia.nocookie.net/marvel_dc/images/6/61/Batman_202.jpg
2,Batman Vol 1 203,https://dc.fandom.com/wiki/Batman_Vol_1_203,https://static.wikia.nocookie.net/marvel_dc/images/d/d5/Batman_203.jpg
3,Batman Vol 1 204,https://dc.fandom.com/wiki/Batman_Vol_1_204,https://static.wikia.nocookie.net/marvel_dc/images/e/ee/Batman_204.jpg
4,Batman Vol 1 205,https://dc.fandom.com/wiki/Batman_Vol_1_205,https://static.wikia.nocookie.net/marvel_dc/images/c/c9/Batman_205.jpg
5,Batman Vol 1 206,https://dc.fandom.com/wiki/Batman_Vol_1_206,https://static.wikia.nocookie.net/marvel_dc/images/b/b3/Batman_206.jpg
6,Batman Vol 1 207,https://dc.fandom.com/wiki/Batman_Vol_1_207,https://static.wikia.nocookie.net/marvel_dc/images/f/f9/Batman_207.jpg
7,Batman Vol 1 208,https://dc.fandom.com/wiki/Batman_Vol_1_208,https://static.wikia.nocookie.net/marvel_dc/images/b/b3/Batman_208.jpg
8,Batman Vol 1 209,https://dc.fandom.com/wiki/Batman_Vol_1_209,https://static.wikia.nocookie.net/marvel_dc/images/7/79/Batman_209.jpg
9,Batman Vol 1 210,https://dc.fandom.com/wiki/Batman_Vol_1_210,https://static.wikia.nocookie.net/marvel_dc/images/b/b5/Batman_210.jpg
10,Batman Vol 1 211,https://dc.fandom.com/wiki/Batman_Vol_1_211,https://static.wikia.nocookie.net/marvel_dc/images/2/22/Batman_211.jpg
11,Batman Vol 1 212,https://dc.fandom.com/wiki/Batman_Vol_1_212,https://static.wikia.nocookie.net/marvel_dc/images/5/56/Batman_212.jpg
12,Batman Vol 1 213,https://dc.fandom.com/wiki/Batman_Vol_1_213,https://static.wikia.nocookie.net/marvel_dc/images/1/12/Batman_213.jpg
13,Batman Vol 1 214,https://dc.fandom.com/wiki/Batman_Vol_1_214,https://static.wikia.nocookie.net/marvel_dc/images/a/a8/Batman214.jpg
14,Batman Vol 1 200,https://dc.fandom.com/wiki/Batman_Vol_1_200,https://static.wikia.nocookie.net/marvel_dc/images/1/13/Batman_215.jpg
15,Batman Vol 1 216,https://dc.fandom.com/wiki/Batman_Vol_1_216,https://static.wikia.nocookie.net/marvel_dc/images/f/ff/Batman_216.jpg
16,Batman Vol 1 217,https://dc.fandom.com/wiki/Batman_Vol_1_217,https://static.wikia.nocookie.net/marvel_dc/images/4/4c/Batman_217.jpg
17,Batman Vol 1 218,https://dc.fandom.com/wiki/Batman_Vol_1_218,https://static.wikia.nocookie.net/marvel_dc/images/9/93/Batman_218.jpg
18,Batman Vol 1 219,https://dc.fandom.com/wiki/Batman_Vol_1_219,https://static.wikia.nocookie.net/marvel_dc/images/5/59/Batman_219.jpg
19,Batman Vol 1 220,https://dc.fandom.com/wiki/Batman_Vol_1_220,https://static.wikia.nocookie.net/marvel_dc/images/a/ad/Batman_220.jpg
20,Batman Vol 1 221,https://dc.fandom.com/wiki/Batman_Vol_1_221,https://static.wikia.nocookie.net/marvel_dc/images/9/99/Batman_221.jpg
21,Batman Vol 1 222,https://dc.fandom.com/wiki/Batman_Vol_1_222,https://static.wikia.nocookie.net/marvel_dc/images/f/fb/Batman_222.jpg
22,Batman Vol 1 223,https://dc.fandom.com/wiki/Batman_Vol_1_223,https://static.wikia.nocookie.net/marvel_dc/images/8/81/Batman_223.jpg
23,Batman Vol 1 224,https://dc.fandom.com/wiki/Batman_Vol_1_224,https://static.wikia.nocookie.net/marvel_dc/images/7/70/Batman_224.jpg
24,Batman Vol 1 225,https://dc.fandom.com/wiki/Batman_Vol_1_225,https://static.wikia.nocookie.net/marvel_dc/images/4/44/Batman_225.jpg
25,Batman Vol 1 226,https://dc.fandom.com/wiki/Batman_Vol_1_226,https://static.wikia.nocookie.net/marvel_dc/images/a/a5/Batman_226.jpg
26,Batman Vol 1 227,https://dc.fandom.com/wiki/Batman_Vol_1_227,https://static.wikia.nocookie.net/marvel_dc/images/4/4e/Batman_227.jpg
27,Batman Vol 1 228,https://dc.fandom.com/wiki/Batman_Vol_1_228,https://static.wikia.nocookie.net/marvel_dc/images/2/29/Batman_228.jpg
28,Batman Vol 1 229,https://dc.fandom.com/wiki/Batman_Vol_1_229,https://static.wikia.nocookie.net/marvel_dc/images/1/1f/Batman_229.jpg
29,Batman Vol 1 230,https://dc.fandom.com/wiki/Batman_Vol_1_230,https://static.wikia.nocookie.net/marvel_dc/images/a/a8/Batman_230.jpg
30,Batman Vol 1 231,https://dc.fandom.com/wiki/Batman_Vol_1_231,https://static.wikia.nocookie.net/marvel_dc/images/7/7c/Batman_231.jpg
31,Batman Vol 1 232,https://dc.fandom.com/wiki/Batman_Vol_1_232,https://static.wikia.nocookie.net/marvel_dc/images/9/9c/Batman_232.jpg
32,Batman Vol 1 233,https://dc.fandom.com/wiki/Batman_Vol_1_233,https://static.wikia.nocookie.net/marvel_dc/images/0/0a/Batman_233.jpg
33,Batman Vol 1 234,https://dc.fandom.com/wiki/Batman_Vol_1_234,https://static.wikia.nocookie.net/marvel_dc/images/2/28/Batman_234.jpg
34,Batman Vol 1 235,https://dc.fandom.com/wiki/Batman_Vol_1_235,https://static.wikia.nocookie.net/marvel_dc/images/8/8a/Batman_235.jpg
35,Batman Vol 1 236,https://dc.fandom.com/wiki/Batman_Vol_1_236,https://static.wikia.nocookie.net/marvel_dc/images/1/13/Batman_236.jpg
36,Batman Vol 1 237,https://dc.fandom.com/wiki/Batman_Vol_1_237,https://static.wikia.nocookie.net/marvel_dc/images/3/38/Batman_237.jpg
37,Batman Vol 1 238,https://dc.fandom.com/wiki/Batman_Vol_1_238,https://static.wikia.nocookie.net/marvel_dc/images/3/34/Batman_238.jpg
38,Batman Vol 1 239,https://dc.fandom.com/wiki/Batman_Vol_1_239,https://static.wikia.nocookie.net/marvel_dc/images/d/d6/Batman_239.jpg
39,Batman Vol 1 240,https://dc.fandom.com/wiki/Batman_Vol_1_240,https://static.wikia.nocookie.net/marvel_dc/images/b/b0/Batman_240.jpg
40,Batman Vol 1 241,https://dc.fandom.com/wiki/Batman_Vol_1_241,https://static.wikia.nocookie.net/marvel_dc/images/b/b5/Batman_241.jpg
41,Batman Vol 1 242,https://dc.fandom.com/wiki/Batman_Vol_1_242,https://static.wikia.nocookie.net/marvel_dc/images/b/b1/Batman_242.jpg
42,Batman Vol 1 243,https://dc.fandom.com/wiki/Batman_Vol_1_243,https://static.wikia.nocookie.net/marvel_dc/images/4/48/Batman_243.jpg
43,Batman Vol 1 244,https://dc.fandom.com/wiki/Batman_Vol_1_244,https://static.wikia.nocookie.net/marvel_dc/images/6/6a/Batman_244.jpg
44,Batman Vol 1 245,https://dc.fandom.com/wiki/Batman_Vol_1_245,https://static.wikia.nocookie.net/marvel_dc/images/d/d1/Batman_245.jpg
45,Batman Vol 1 246,https://dc.fandom.com/wiki/Batman_Vol_1_246,https://static.wikia.nocookie.net/marvel_dc/images/6/6e/Batman_246.jpg
46,Batman Vol 1 247,https://dc.fandom.com/wiki/Batman_Vol_1_247,https://static.wikia.nocookie.net/marvel_dc/images/e/e4/Batman_247.jpg
47,Batman Vol 1 248,https://dc.fandom.com/wiki/Batman_Vol_1_248,https://static.wikia.nocookie.net/marvel_dc/images/8/87/Batman_248.jpg
48,Batman Vol 1 249,https://dc.fandom.com/wiki/Batman_Vol_1_249,https://static.wikia.nocookie.net/marvel_dc/images/4/47/Batman_249.jpg
49,Batman Vol 1 250,https://dc.fandom.com/wiki/Batman_Vol_1_250,https://static.wikia.nocookie.net/marvel_dc/images/6/6b/Batman_250.jpg
50,Batman Vol 1 251,https://dc.fandom.com/wiki/Batman_Vol_1_251,https://static.wikia.nocookie.net/marvel_dc/images/7/7d/Batman_251.jpg
51,Batman Vol 1 252,https://dc.fandom.com/wiki/Batman_Vol_1_252,https://static.wikia.nocookie.net/marvel_dc/images/1/1f/Batman_252.jpg
52,Batman Vol 1 253,https://dc.fandom.com/wiki/Batman_Vol_1_253,https://static.wikia.nocookie.net/marvel_dc/images/6/62/Batman_253.jpg
53,Batman Vol 1 254,https://dc.fandom.com/wiki/Batman_Vol_1_254,https://static.wikia.nocookie.net/marvel_dc/images/f/fe/Batman_254.jpg
54,Batman Vol 1 255,https://dc.fandom.com/wiki/Batman_Vol_1_255,https://static.wikia.nocookie.net/marvel_dc/images/1/1e/Batman_255.jpg
55,Batman Vol 1 256,https://dc.fandom.com/wiki/Batman_Vol_1_256,https://static.wikia.nocookie.net/marvel_dc/images/f/f3/Batman_256.jpg
56,Batman Vol 1 257,https://dc.fandom.com/wiki/Batman_Vol_1_257,https://static.wikia.nocookie.net/marvel_dc/images/e/e7/Batman_257.jpg
57,Batman Vol 1 258,https://dc.fandom.com/wiki/Batman_Vol_1_258,https://static.wikia.nocookie.net/marvel_dc/images/d/d2/Batman_258.jpg
58,Batman Vol 1 259,https://dc.fandom.com/wiki/Batman_Vol_1_259,https://static.wikia.nocookie.net/marvel_dc/images/f/f8/Batman_259.jpg
59,Batman Vol 1 260,https://dc.fandom.com/wiki/Batman_Vol_1_260,https://static.wikia.nocookie.net/marvel_dc/images/3/35/Batman_260.jpg
60,Batman Vol 1 261,https://dc.fandom.com/wiki/Batman_Vol_1_261,https://static.wikia.nocookie.net/marvel_dc/images/7/7d/Batman_261.jpg
61,Batman Vol 1 262,https://dc.fandom.com/wiki/Batman_Vol_1_262,https://static.wikia.nocookie.net/marvel_dc/images/f/fe/Batman_262.jpg
62,Batman Vol 1 263,https://dc.fandom.com/wiki/Batman_Vol_1_263,https://static.wikia.nocookie.net/marvel_dc/images/5/5b/Batman_263.jpg
63,Batman Vol 1 264,https://dc.fandom.com/wiki/Batman_Vol_1_264,https://static.wikia.nocookie.net/marvel_dc/images/6/63/Batman_264.jpg
64,Batman Vol 1 265,https://dc.fandom.com/wiki/Batman_Vol_1_265,https://static.wikia.nocookie.net/marvel_dc/images/c/c3/Batman_265.jpg
65,Batman Vol 1 266,https://dc.fandom.com/wiki/Batman_Vol_1_266,https://static.wikia.nocookie.net/marvel_dc/images/0/0b/Batman_266.jpg
66,Batman Vol 1 267,https://dc.fandom.com/wiki/Batman_Vol_1_267,https://static.wikia.nocookie.net/marvel_dc/images/a/ad/Batman_267.jpg
67,Batman Vol 1 268,https://dc.fandom.com/wiki/Batman_Vol_1_268,https://static.wikia.nocookie.net/marvel_dc/images/b/b8/Batman_268.jpg
68,Batman Vol 1 269,https://dc.fandom.com/wiki/Batman_Vol_1_269,https://static.wikia.nocookie.net/marvel_dc/images/1/12/Batman_269.jpg
69,Batman Vol 1 270,https://dc.fandom.com/wiki/Batman_Vol_1_270,https://static.wikia.nocookie.net/marvel_dc/images/2/23/Batman_270.jpg
70,Batman Vol 1 271,https://dc.fandom.com/wiki/Batman_Vol_1_271,https://static.wikia.nocookie.net/marvel_dc/images/5/59/Batman_271.jpg
71,Batman Vol 1 272,https://dc.fandom.com/wiki/Batman_Vol_1_272,https://static.wikia.nocookie.net/marvel_dc/images/7/79/Batman_272.jpg
72,Batman Vol 1 273,https://dc.fandom.com/wiki/Batman_Vol_1_273,https://static.wikia.nocookie.net/marvel_dc/images/1/1e/Batman_273.jpg
73,Batman Vol 1 274,https://dc.fandom.com/wiki/Batman_Vol_1_274,https://static.wikia.nocookie.net/marvel_dc/images/6/6c/Batman_274.jpg
74,Batman Vol 1 275,https://dc.fandom.com/wiki/Batman_Vol_1_275,https://static.wikia.nocookie.net/marvel_dc/images/8/84/Batman_275.jpg
75,Batman Vol 1 276,https://dc.fandom.com/wiki/Batman_Vol_1_276,https://static.wikia.nocookie.net/marvel_dc/images/8/86/Batman_276.jpg
76,Batman Vol 1 277,https://dc.fandom.com/wiki/Batman_Vol_1_277,https://static.wikia.nocookie.net/marvel_dc/images/2/21/Batman_277.jpg
77,Batman Vol 1 278,https://dc.fandom.com/wiki/Batman_Vol_1_278,https://static.wikia.nocookie.net/marvel_dc/images/b/bd/Batman_278.jpg
78,Batman Vol 1 279,https://dc.fandom.com/wiki/Batman_Vol_1_279,https://static.wikia.nocookie.net/marvel_dc/images/6/6e/Batman_279.jpg
79,Batman Vol 1 280,https://dc.fandom.com/wiki/Batman_Vol_1_280,https://static.wikia.nocookie.net/marvel_dc/images/7/7d/Batman_280.jpg
80,Batman Vol 1 281,https://dc.fandom.com/wiki/Batman_Vol_1_281,https://static.wikia.nocookie.net/marvel_dc/images/b/b7/Batman_281.jpg
81,Batman Vol 1 282,https://dc.fandom.com/wiki/Batman_Vol_1_282,https://static.wikia.nocookie.net/marvel_dc/images/b/b3/Batman_282.jpg
82,Batman Vol 1 283,https://dc.fandom.com/wiki/Batman_Vol_1_283,https://static.wikia.nocookie.net/marvel_dc/images/f/f1/Batman_283.jpg
83,Batman Vol 1 284,https://dc.fandom.com/wiki/Batman_Vol_1_284,https://static.wikia.nocookie.net/marvel_dc/images/7/73/Batman_284.jpg
84,Batman Vol 1 285,https://dc.fandom.com/wiki/Batman_Vol_1_285,https://static.wikia.nocookie.net/marvel_dc/images/f/f9/Batman_285.jpg
85,Batman Vol 1 286,https://dc.fandom.com/wiki/Batman_Vol_1_286,https://static.wikia.nocookie.net/marvel_dc/images/3/37/Batman_286.jpg
86,Batman Vol 1 287,https://dc.fandom.com/wiki/Batman_Vol_1_287,https://static.wikia.nocookie.net/marvel_dc/images/6/64/Batman_287.jpg
87,Batman Vol 1 288,https://dc.fandom.com/wiki/Batman_Vol_1_288,https://static.wikia.nocookie.net/marvel_dc/images/f/f1/Batman_288.jpg
88,Batman Vol 1 289,https://dc.fandom.com/wiki/Batman_Vol_1_289,https://static.wikia.nocookie.net/marvel_dc/images/3/36/Batman_289.jpg
89,Batman Vol 1 290,https://dc.fandom.com/wiki/Batman_Vol_1_290,https://static.wikia.nocookie.net/marvel_dc/images/c/c4/Batman_290.jpg
90,Batman Vol 1 291,https://dc.fandom.com/wiki/Batman_Vol_1_291,https://static.wikia.nocookie.net/marvel_dc/images/e/e9/Batman_291.jpg
91,Batman Vol 1 292,https://dc.fandom.com/wiki/Batman_Vol_1_292,https://static.wikia.nocookie.net/marvel_dc/images/a/ac/Batman_292.jpg
92,Batman Vol 1 293,https://dc.fandom.com/wiki/Batman_Vol_1_293,https://static.wikia.nocookie.net/marvel_dc/images/6/6b/Batman_293.jpg
93,Batman Vol 1 294,https://dc.fandom.com/wiki/Batman_Vol_1_294,https://static.wikia.nocookie.net/marvel_dc/images/1/1a/Batman_294.jpg
94,Batman Vol 1 295,https://dc.fandom.com/wiki/Batman_Vol_1_295,https://static.wikia.nocookie.net/marvel_dc/images/b/bf/Batman_295.jpg
95,Batman Vol 1 296,https://dc.fandom.com/wiki/Batman_Vol_1_296,https://static.wikia.nocookie.net/marvel_dc/images/8/8d/Batman_296.jpg
96,Batman Vol 1 297,https://dc.fandom.com/wiki/Batman_Vol_1_297,https://static.wikia.nocookie.net/marvel_dc/images/e/e7/Batman_297.jpg
97,Batman Vol 1 298,https://dc.fandom.com/wiki/Batman_Vol_1_298,https://static.wikia.nocookie.net/marvel_dc/images/c/c8/Batman_298.jpg
98,Batman Vol 1 299,https://dc.fandom.com/wiki/Batman_Vol_1_299,https://static.wikia.nocookie.net/marvel_dc/images/6/62/Batman_299.jpg
99,Batman Vol 1 300,https://dc.fandom.com/wiki/Batman_Vol_1_300,https://static.wikia.nocookie.net/marvel_dc/images/0/00/Batman_Vol_1_300.jpg
100,Batman Vol 1 301,https://dc.fandom.com/wiki/Batman_Vol_1_301,https://static.wikia.nocookie.net/marvel_dc/images/1/16/Batman_301.JPG
101,Batman Vol 1 302,https://dc.fandom.com/wiki/Batman_Vol_1_302,https://static.wikia.nocookie.net/marvel_dc/images/b/b8/Batman_302.jpg
102,Batman Vol 1 303,https://dc.fandom.com/wiki/Batman_Vol_1_303,https://static.wikia.nocookie.net/marvel_dc/images/d/d4/Batman_303.jpg
103,Batman Vol 1 304,https://dc.fandom.com/wiki/Batman_Vol_1_304,https://static.wikia.nocookie.net/marvel_dc/images/b/b7/Batman_304.jpg
104,Batman Vol 1 305,https://dc.fandom.com/wiki/Batman_Vol_1_305,https://static.wikia.nocookie.net/marvel_dc/images/9/95/Batman_305.jpg
105,Batman Vol 1 306,https://dc.fandom.com/wiki/Batman_Vol_1_306,https://static.wikia.nocookie.net/marvel_dc/images/2/2f/Batman_306.jpg
106,Batman Vol 1 307,https://dc.fandom.com/wiki/Batman_Vol_1_307,https://static.wikia.nocookie.net/marvel_dc/images/d/dd/Batman_307.jpg
107,Batman Vol 1 308,https://dc.fandom.com/wiki/Batman_Vol_1_308,https://static.wikia.nocookie.net/marvel_dc/images/7/7b/Batman_308.jpg
108,Batman Vol 1 309,https://dc.fandom.com/wiki/Batman_Vol_1_309,https://static.wikia.nocookie.net/marvel_dc/images/6/6a/Batman_309.jpg
109,Batman Vol 1 310,https://dc.fandom.com/wiki/Batman_Vol_1_310,https://static.wikia.nocookie.net/marvel_dc/images/c/ce/Batman_310.jpg
110,Batman Vol 1 311,https://dc.fandom.com/wiki/Batman_Vol_1_311,https://static.wikia.nocookie.net/marvel_dc/images/8/86/Batman_311.jpg
111,Batman Vol 1 312,https://dc.fandom.com/wiki/Batman_Vol_1_312,https://static.wikia.nocookie.net/marvel_dc/images/e/ef/Batman_312.jpg
112,Batman Vol 1 313,https://dc.fandom.com/wiki/Batman_Vol_1_313,https://static.wikia.nocookie.net/marvel_dc/images/b/b2/Batman_313.jpg
113,Batman Vol 1 314,https://dc.fandom.com/wiki/Batman_Vol_1_314,https://static.wikia.nocookie.net/marvel_dc/images/8/85/Batman_314.jpg
114,Batman Vol 1 315,https://dc.fandom.com/wiki/Batman_Vol_1_315,https://static.wikia.nocookie.net/marvel_dc/images/a/af/Batman_315.jpg
115,Batman Vol 1 316,https://dc.fandom.com/wiki/Batman_Vol_1_316,https://static.wikia.nocookie.net/marvel_dc/images/3/33/Batman_316.jpg
116,Batman Vol 1 317,https://dc.fandom.com/wiki/Batman_Vol_1_317,https://static.wikia.nocookie.net/marvel_dc/images/e/e0/Batman_317.jpg
117,Batman Vol 1 318,https://dc.fandom.com/wiki/Batman_Vol_1_318,https://static.wikia.nocookie.net/marvel_dc/images/0/07/Batman_318.jpg
118,Batman Vol 1 319,https://dc.fandom.com/wiki/Batman_Vol_1_319,https://static.wikia.nocookie.net/marvel_dc/images/9/93/Batman_319.jpg
119,Batman Vol 1 320,https://dc.fandom.com/wiki/Batman_Vol_1_320,https://static.wikia.nocookie.net/marvel_dc/images/b/b9/Batman_320.jpg
120,Batman Vol 1 321,https://dc.fandom.com/wiki/Batman_Vol_1_321,https://static.wikia.nocookie.net/marvel_dc/images/a/a0/Batman_321.jpg
121,Batman Vol 1 322,https://dc.fandom.com/wiki/Batman_Vol_1_322,https://static.wikia.nocookie.net/marvel_dc/images/4/49/Batman_322.jpg
122,Batman Vol 1 323,https://dc.fandom.com/wiki/Batman_Vol_1_323,https://static.wikia.nocookie.net/marvel_dc/images/0/00/Batman_323.jpg
123,Batman Vol 1 324,https://dc.fandom.com/wiki/Batman_Vol_1_324,https://static.wikia.nocookie.net/marvel_dc/images/1/1a/Batman_324.jpg
124,Batman Vol 1 325,https://dc.fandom.com/wiki/Batman_Vol_1_325,https://static.wikia.nocookie.net/marvel_dc/images/1/1a/Batman_325.jpg
125,Batman Vol 1 326,https://dc.fandom.com/wiki/Batman_Vol_1_326,https://static.wikia.nocookie.net/marvel_dc/images/7/77/Batman_326.jpg
126,Batman Vol 1 327,https://dc.fandom.com/wiki/Batman_Vol_1_327,https://static.wikia.nocookie.net/marvel_dc/images/b/bb/Batman_327.jpg
127,Batman Vol 1 328,https://dc.fandom.com/wiki/Batman_Vol_1_328,https://static.wikia.nocookie.net/marvel_dc/images/1/1f/Batman_328.jpg
128,Batman Vol 1 329,https://dc.fandom.com/wiki/Batman_Vol_1_329,https://static.wikia.nocookie.net/marvel_dc/images/8/87/Batman_329.jpg
129,Batman Vol 1 330,https://dc.fandom.com/wiki/Batman_Vol_1_330,https://static.wikia.nocookie.net/marvel_dc/images/d/de/Batman_330.jpg
130,Batman Vol 1 331,https://dc.fandom.com/wiki/Batman_Vol_1_331,https://static.wikia.nocookie.net/marvel_dc/images/7/72/Batman_331.jpg
131,Batman Vol 1 332,https://dc.fandom.com/wiki/Batman_Vol_1_332,https://static.wikia.nocookie.net/marvel_dc/images/1/12/Batman_332.jpg
132,Batman Vol 1 333,https://dc.fandom.com/wiki/Batman_Vol_1_333,https://static.wikia.nocookie.net/marvel_dc/images/6/6a/Batman_333.jpg
133,Batman Vol 1 334,https://dc.fandom.com/wiki/Batman_Vol_1_334,https://static.wikia.nocookie.net/marvel_dc/images/6/6c/Batman_334.jpg
134,Batman Vol 1 335,https://dc.fandom.com/wiki/Batman_Vol_1_335,https://static.wikia.nocookie.net/marvel_dc/images/2/2f/Batman_335.jpg
135,Batman Vol 1 336,https://dc.fandom.com/wiki/Batman_Vol_1_336,https://static.wikia.nocookie.net/marvel_dc/images/e/ee/Batman_336.jpg
136,Batman Vol 1 337,https://dc.fandom.com/wiki/Batman_Vol_1_337,https://static.wikia.nocookie.net/marvel_dc/images/e/ec/Batman_337.jpg
137,Batman Vol 1 338,https://dc.fandom.com/wiki/Batman_Vol_1_338,https://static.wikia.nocookie.net/marvel_dc/images/d/d1/Batman_338.jpg
138,Batman Vol 1 339,https://dc.fandom.com/wiki/Batman_Vol_1_339,https://static.wikia.nocookie.net/marvel_dc/images/9/90/Batman_339.jpg
139,Batman Vol 1 340,https://dc.fandom.com/wiki/Batman_Vol_1_340,https://static.wikia.nocookie.net/marvel_dc/images/3/35/Batman_340.jpg
140,Batman Vol 1 341,https://dc.fandom.com/wiki/Batman_Vol_1_341,https://static.wikia.nocookie.net/marvel_dc/images/0/0f/Batman_341.jpg
141,Batman Vol 1 342,https://dc.fandom.com/wiki/Batman_Vol_1_342,https://static.wikia.nocookie.net/marvel_dc/images/e/ed/Batman_342.jpg
142,Batman Vol 1 343,https://dc.fandom.com/wiki/Batman_Vol_1_343,https://static.wikia.nocookie.net/marvel_dc/images/9/91/Batman_343.jpg
143,Batman Vol 1 344,https://dc.fandom.com/wiki/Batman_Vol_1_344,https://static.wikia.nocookie.net/marvel_dc/images/5/5d/Batman_344.jpg
144,Batman Vol 1 345,https://dc.fandom.com/wiki/Batman_Vol_1_345,https://static.wikia.nocookie.net/marvel_dc/images/f/ff/Batman_345.jpg
145,Batman Vol 1 346,https://dc.fandom.com/wiki/Batman_Vol_1_346,https://static.wikia.nocookie.net/marvel_dc/images/2/23/Batman_346.jpg
146,Batman Vol 1 347,https://dc.fandom.com/wiki/Batman_Vol_1_347,https://static.wikia.nocookie.net/marvel_dc/images/f/f1/Batman_347.jpg
147,Batman Vol 1 348,https://dc.fandom.com/wiki/Batman_Vol_1_348,https://static.wikia.nocookie.net/marvel_dc/images/b/b9/Batman_348.jpg
148,Batman Vol 1 349,https://dc.fandom.com/wiki/Batman_Vol_1_349,https://static.wikia.nocookie.net/marvel_dc/images/1/10/Batman_349.jpg
149,Batman Vol 1 350,https://dc.fandom.com/wiki/Batman_Vol_1_350,https://static.wikia.nocookie.net/marvel_dc/images/7/73/Batman_350.jpg
150,Batman Vol 1 351,https://dc.fandom.com/wiki/Batman_Vol_1_351,https://static.wikia.nocookie.net/marvel_dc/images/d/dc/Batman_351.jpg
151,Batman Vol 1 352,https://dc.fandom.com/wiki/Batman_Vol_1_352,https://static.wikia.nocookie.net/marvel_dc/images/1/11/Batman_352.jpg
152,Batman Vol 1 353,https://dc.fandom.com/wiki/Batman_Vol_1_353,https://static.wikia.nocookie.net/marvel_dc/images/4/4e/Batman_353.jpg
153,Batman Vol 1 354,https://dc.fandom.com/wiki/Batman_Vol_1_354,https://static.wikia.nocookie.net/marvel_dc/images/c/c9/Batman_354.jpg
154,Batman Vol 1 355,https://dc.fandom.com/wiki/Batman_Vol_1_355,https://static.wikia.nocookie.net/marvel_dc/images/a/ab/Batman_355.jpg
155,Batman Vol 1 356,https://dc.fandom.com/wiki/Batman_Vol_1_356,https://static.wikia.nocookie.net/marvel_dc/images/2/24/Batman_356.jpg
156,Batman Vol 1 357,https://dc.fandom.com/wiki/Batman_Vol_1_357,https://static.wikia.nocookie.net/marvel_dc/images/2/2c/Batman_357.jpg
157,Batman Vol 1 358,https://dc.fandom.com/wiki/Batman_Vol_1_358,https://static.wikia.nocookie.net/marvel_dc/images/c/c6/Batman_358.jpg
158,Batman Vol 1 359,https://dc.fandom.com/wiki/Batman_Vol_1_359,https://static.wikia.nocookie.net/marvel_dc/images/9/98/Batman_359.jpg
159,Batman Vol 1 360,https://dc.fandom.com/wiki/Batman_Vol_1_360,https://static.wikia.nocookie.net/marvel_dc/images/7/70/Batman_360.jpg
160,Batman Vol 1 361,https://dc.fandom.com/wiki/Batman_Vol_1_361,https://static.wikia.nocookie.net/marvel_dc/images/8/80/Batman_361.jpg
161,Batman Vol 1 362,https://dc.fandom.com/wiki/Batman_Vol_1_362,https://static.wikia.nocookie.net/marvel_dc/images/e/ef/Batman_362.jpg
162,Batman Vol 1 363,https://dc.fandom.com/wiki/Batman_Vol_1_363,https://static.wikia.nocookie.net/marvel_dc/images/c/c8/Batman_363.jpg
163,Batman Vol 1 364,https://dc.fandom.com/wiki/Batman_Vol_1_364,https://static.wikia.nocookie.net/marvel_dc/images/0/0a/Batman_364.jpg
164,Batman Vol 1 365,https://dc.fandom.com/wiki/Batman_Vol_1_365,https://static.wikia.nocookie.net/marvel_dc/images/8/88/Batman_365.jpg
165,Batman Vol 1 366,https://dc.fandom.com/wiki/Batman_Vol_1_366,https://static.wikia.nocookie.net/marvel_dc/images/4/46/Batman_366.jpg
166,Batman Vol 1 367,https://dc.fandom.com/wiki/Batman_Vol_1_367,https://static.wikia.nocookie.net/marvel_dc/images/0/07/Batman_367.jpg
167,Batman Vol 1 368,https://dc.fandom.com/wiki/Batman_Vol_1_368,https://static.wikia.nocookie.net/marvel_dc/images/8/81/Batman_368.jpg
168,Batman Vol 1 369,https://dc.fandom.com/wiki/Batman_Vol_1_369,https://static.wikia.nocookie.net/marvel_dc/images/4/40/Batman_369.jpg
169,Batman Vol 1 370,https://dc.fandom.com/wiki/Batman_Vol_1_370,https://static.wikia.nocookie.net/marvel_dc/images/c/cb/Batman_370.jpg
170,Batman Vol 1 371,https://dc.fandom.com/wiki/Batman_Vol_1_371,https://static.wikia.nocookie.net/marvel_dc/images/2/26/Batman_371.jpg
171,Batman Vol 1 372,https://dc.fandom.com/wiki/Batman_Vol_1_372,https://static.wikia.nocookie.net/marvel_dc/images/0/04/Batman_372.jpg
172,Batman Vol 1 373,https://dc.fandom.com/wiki/Batman_Vol_1_373,https://static.wikia.nocookie.net/marvel_dc/images/b/bb/Batman_373.jpg
173,Batman Vol 1 374,https://dc.fandom.com/wiki/Batman_Vol_1_374,https://static.wikia.nocookie.net/marvel_dc/images/0/05/Batman_374.jpg
174,Batman Vol 1 375,https://dc.fandom.com/wiki/Batman_Vol_1_375,https://static.wikia.nocookie.net/marvel_dc/images/1/13/Batman_375.jpg
175,Batman Vol 1 376,https://dc.fandom.com/wiki/Batman_Vol_1_376,https://static.wikia.nocookie.net/marvel_dc/images/7/79/Batman_376.jpg
176,Batman Vol 1 377,https://dc.fandom.com/wiki/Batman_Vol_1_377,https://static.wikia.nocookie.net/marvel_dc/images/c/c1/Batman_377.jpg
177,Batman Vol 1 378,https://dc.fandom.com/wiki/Batman_Vol_1_378,https://static.wikia.nocookie.net/marvel_dc/images/b/ba/Batman_378.jpg
178,Batman Vol 1 379,https://dc.fandom.com/wiki/Batman_Vol_1_379,https://static.wikia.nocookie.net/marvel_dc/images/6/69/Batman_379.jpg
179,Batman Vol 1 380,https://dc.fandom.com/wiki/Batman_Vol_1_380,https://static.wikia.nocookie.net/marvel_dc/images/8/8e/Batman_380.jpg
180,Batman Vol 1 381,https://dc.fandom.com/wiki/Batman_Vol_1_381,https://static.wikia.nocookie.net/marvel_dc/images/4/49/Batman_381.jpg
181,Batman Vol 1 382,https://dc.fandom.com/wiki/Batman_Vol_1_382,https://static.wikia.nocookie.net/marvel_dc/images/4/4b/Batman_Vol_1_382.jpg
182,Batman Vol 1 383,https://dc.fandom.com/wiki/Batman_Vol_1_383,https://static.wikia.nocookie.net/marvel_dc/images/6/6b/Batman_383.jpg
183,Batman Vol 1 384,https://dc.fandom.com/wiki/Batman_Vol_1_384,https://static.wikia.nocookie.net/marvel_dc/images/6/6b/Batman_384.jpg
184,Batman Vol 1 385,https://dc.fandom.com/wiki/Batman_Vol_1_385,https://static.wikia.nocookie.net/marvel_dc/images/b/b4/Batman_385.jpg
185,Batman Vol 1 386,https://dc.fandom.com/wiki/Batman_Vol_1_386,https://static.wikia.nocookie.net/marvel_dc/images/0/0e/Batman_386.jpg
186,Batman Vol 1 387,https://dc.fandom.com/wiki/Batman_Vol_1_387,https://static.wikia.nocookie.net/marvel_dc/images/2/21/Batman_387.jpg
187,Batman Vol 1 388,https://dc.fandom.com/wiki/Batman_Vol_1_388,https://static.wikia.nocookie.net/marvel_dc/images/3/38/Batman_388.jpg
188,Batman Vol 1 389,https://dc.fandom.com/wiki/Batman_Vol_1_389,https://static.wikia.nocookie.net/marvel_dc/images/e/e2/Batman_389.jpg
189,Batman Vol 1 390,https://dc.fandom.com/wiki/Batman_Vol_1_390,https://static.wikia.nocookie.net/marvel_dc/images/e/ec/Batman_390.jpg
190,Batman Vol 1 391,https://dc.fandom.com/wiki/Batman_Vol_1_391,https://static.wikia.nocookie.net/marvel_dc/images/d/db/Batman_391.jpg
191,Batman Vol 1 392,https://dc.fandom.com/wiki/Batman_Vol_1_392,https://static.wikia.nocookie.net/marvel_dc/images/3/3b/Batman_392.jpg
192,Batman Vol 1 393,https://dc.fandom.com/wiki/Batman_Vol_1_393,https://static.wikia.nocookie.net/marvel_dc/images/a/ae/Batman_393.jpg
193,Batman Vol 1 394,https://dc.fandom.com/wiki/Batman_Vol_1_394,https://static.wikia.nocookie.net/marvel_dc/images/a/a3/Batman_394.jpg
194,Batman Vol 1 395,https://dc.fandom.com/wiki/Batman_Vol_1_395,https://static.wikia.nocookie.net/marvel_dc/images/4/40/Batman_395.jpg
195,Batman Vol 1 396,https://dc.fandom.com/wiki/Batman_Vol_1_396,https://static.wikia.nocookie.net/marvel_dc/images/a/a4/Batman_396.jpg
196,Batman Vol 1 397,https://dc.fandom.com/wiki/Batman_Vol_1_397,https://static.wikia.nocookie.net/marvel_dc/images/8/81/Batman_397.jpg
197,Batman Vol 1 398,https://dc.fandom.com/wiki/Batman_Vol_1_398,https://static.wikia.nocookie.net/marvel_dc/images/d/d5/Batman_398.jpg
198,Batman Vol 1 399,https://dc.fandom.com/wiki/Batman_Vol_1_399,https://static.wikia.nocookie.net/marvel_dc/images/8/8c/Batman_399.jpg
199,Batman Vol 1 400,https://dc.fandom.com/wiki/Batman_Vol_1_400,https://static.wikia.nocookie.net/marvel_dc/images/d/d9/Batman_400.jpg
